query_formula,query_elements,sc_class,mp_spacegroup,mp_tc,cod_id,cod_formula,cod_spacegroup,cod_sg_number,cod_a,cod_b,cod_c,cod_vol,cod_year
C60Ca5,C-Ca,Carbon,C m m m,8.4,1010500,- C4 Ca2 -,P n -3 :1,201,5.73,5.73,5.73,188.1,1926
C60Ca5,C-Ca,Carbon,C m m m,8.4,1540818,- C2 Ca -,C -1,2,8.42,11.84,3.94,391.725,1962
C60Ca5,C-Ca,Carbon,C m m m,8.4,1541428,- C2 Ca -,F m -3 m,225,5.886,5.886,5.886,203.92,1971
C60Ca5,C-Ca,Carbon,C m m m,8.4,5910074,- C2 Ca -,I 4/m m m,139,3.87,3.87,6.37,95.403,1931
C8.1K1,C-K,Carbon,F d d d,0.152,1521141,- C2 K2 -,I 41/a c d :2,142,7.569,7.569,14.521,831.905,1999
C8.1K1,C-K,Carbon,F d d d,0.152,1521143,- C2 K2 -,F m -3 m,225,7.553,7.553,7.553,430.882,1999
C8.1K1,C-K,Carbon,F d d d,0.152,1537184,- C K -,C 1 c 1,9,7.96,4.59,9.18,273.736,1983
C8.1K1,C-K,Carbon,F d d d,0.152,1537188,- C K -,C 1 c 1,9,7.47,4.53,8.97,256.568,1983
C8.1K1,C-K,Carbon,F d d d,0.152,1537192,- C K -,C 1 c 1,9,8.02,4.21,10.4,267.412,1983
C2Ce1,C-Ce,Carbon,I -4 3 d,0.0,1528322,- C2 Ce -,I 4/m m m,139,3.875,3.875,6.477,97.256,1967
C2Ce1,C-Ce,Carbon,I -4 3 d,0.0,1528829,- C82 Ce -,P a -3,205,15.78,15.78,15.78,3929.35,2004
C2Ce1,C-Ce,Carbon,I -4 3 d,0.0,5910098,- C2 Ce -,I 4/m m m,139,3.87,3.87,6.48,97.05,1931
Ba6C60,Ba-C,Carbon,I m -3,7.0,5910076,- C2 Ba -,I 4/m m m,139,4.39,4.39,7.04,135.676,1931
C2Na1,C-Na,Carbon,P 43 3 2,5.0,1521140,- C2 Na2 -,I 41/a c d :2,142,6.778,6.778,12.74,585.292,1999
C2Na1,C-Na,Carbon,P 43 3 2,5.0,1521142,- C2 Na2 -,F m -3 m,225,6.756,6.756,6.756,308.368,1999
C2Na1,C-Na,Carbon,P 43 3 2,5.0,1526784,- C59 Na3.82 -,I 1 2/m 1,12,11.24,11.71,10.25,1341.52,2001
C2Na1,C-Na,Carbon,P 43 3 2,5.0,1531706,- C2 Na2 -,I 41/a c d :2,142,6.7572,6.7572,12.7015,579.947,2002
C2Na1,C-Na,Carbon,P 43 3 2,5.0,1531708,- C2 Na2 -,I m m m,71,4.1893,6.4007,5.3862,144.428,2002
C8Cs1,C-Cs,Carbon,P 6/m m m,0.0675,1540769,- C10 Cs -,I m -3,204,11.79,11.79,11.79,1638.86,1992
C1,C,Carbon,R -3 m,7.2,1000065,- C -,R -3 m :H,166,2.46,2.46,33.45,175.3,1966
C1,C,Carbon,R -3 m,7.2,1200017,- C -,P 63 m c,186,2.47,2.47,6.79,35.9,1924
C1,C,Carbon,R -3 m,7.2,1200018,- C -,R -3 m :R,166,3.635,3.635,3.635,17.5,1942
C1,C,Carbon,R -3 m,7.2,1200019,- C -,P 63 m c,186,2.49,2.49,4.144,22.3,1992
C1,C,Carbon,R -3 m,7.2,1531302,- C60 -,P n n m,58,14.745,9.843,9.092,1319.57,2001
Te4Ti3,Te-Ti,Chevrel,C 1 2/m 1,0.0,1008063,- Te2 Ti -,P -3 m 1,164,3.777,3.777,6.498,80.3,1981
Te4Ti3,Te-Ti,Chevrel,C 1 2/m 1,0.0,1010277,- Te2 Ti -,P -3 m 1,164,3.774,3.774,6.539,80.7,1928
Te4Ti3,Te-Ti,Chevrel,C 1 2/m 1,0.0,1522489,- Te Ti -,P 63/m m c,194,3.86,3.86,6.325,81.614,1992
Te4Ti3,Te-Ti,Chevrel,C 1 2/m 1,0.0,1539677,- Te2 Ti -,P -3 m 1,164,3.765,3.765,6.526,80.114,1949
Te4Ti3,Te-Ti,Chevrel,C 1 2/m 1,0.0,1539681,- Te Ti -,P 63/m m c,194,3.842,3.842,6.403,81.852,1949
S1.1Zr1,S-Zr,Chevrel,F d -3 m,4.5,1528094,- S3.91 Zr2.57 -,F d -3 m :2,227,10.25,10.25,10.25,1076.89,1970
S1.1Zr1,S-Zr,Chevrel,F d -3 m,4.5,1530167,- S Zr0.75 -,R -3 m :H,166,3.6295,3.6295,17.885,204.039,1987
S1.1Zr1,S-Zr,Chevrel,F d -3 m,4.5,2107379,- S2 Zr9 -,I 41/a m d :2,141,9.752,9.752,19.216,1827.47,1972
S1.1Zr1,S-Zr,Chevrel,F d -3 m,4.5,5910006,- S2 Zr -,P -3 m 1,,3.63,3.63,5.85,66.757,
S1.1Zr1,S-Zr,Chevrel,F d -3 m,4.5,9008781,- S Zr -,F m -3 m,225,5.25,5.25,5.25,144.703,1963
K1S8V6,K-S-V,Chevrel,P -3,0.71,1529696,- K0.2 S8 V6 -,P 63/m,176,9.139,9.139,3.3025,238.875,1987
K1S8V6,K-S-V,Chevrel,P -3,0.71,1539572,- K3 S4 V -,P n m a,62,9.143,10.59,9.107,881.78,1964
K1S8V6,K-S-V,Chevrel,P -3,0.71,1541673,- K0.5 S8 V5 -,P 1 2 1,3,17.462,6.556,8.4595,940.253,1984
K1S8V6,K-S-V,Chevrel,P -3,0.71,1542111,- K0.7 S8 V5 -,C 1 2/m 1,12,17.499,3.2986,8.489,475.49,1984
Mo1Se2,Mo-Se,Chevrel,P -3 m 1,0.0,1528933,- Mo Se2 -,R 3 m :H,160,3.292,3.292,19.392,182.001,1966
Mo1Se2,Mo-Se,Chevrel,P -3 m 1,0.0,1539630,- Mo3 Se4 -,R -3 :H,148,9.545,9.545,11.21,884.48,1973
Mo1Se2,Mo-Se,Chevrel,P -3 m 1,0.0,2000245,- Mo15 Se19 -,R -3 c :R,,20.36,20.36,20.36,1532.2,1991
Mo1Se2,Mo-Se,Chevrel,P -3 m 1,0.0,2310945,- Mo Se2 -,P 63/m m c,194,3.288,3.288,12.9,120.777,1963
Mo1Se2,Mo-Se,Chevrel,P -3 m 1,0.0,4327371,- Mo9 Se11 -,P 63/m,176,9.4204,9.4204,12.1226,931.68,2004
In1K2Mo15Se19,In-K-Mo-Se,Chevrel,P 1 21/m 1,1.3,2211964,- In0.875 K2 Mo15 Se19 -,P 63/m,176,9.8076,9.8076,19.6036,1633.02,2007
S0.8Se1.2Ta1,S-Se-Ta,Chevrel,P 3 m 1,3.9,2004184,- S1.68 Se0.32 Ta3 -,A b m 2,39,7.5018,17.358,5.6204,731.9,1995
Cs2Mo6Se6,Cs-Mo-Se,Chevrel,P 63/m,0.0,9007850,- Cs5 Mo21 Se23 -,P 63/m,176,9.6513,9.6513,29.939,2415.12,1990
Mo1S2,Mo-S,Chevrel,P 63/m m c,0.0,1010993,- Mo S2 -,P 63/m m c,194,3.15,3.15,12.3,105.7,1923
Mo1S2,Mo-S,Chevrel,P 63/m m c,0.0,1011286,- Mo S2 -,P 63/m m c,194,3.14,3.14,12.53,107,1925
Mo1S2,Mo-S,Chevrel,P 63/m m c,0.0,1527605,- Mo2 S3 -,P 1 21/m 1,11,6.092,3.208,8.6335,164.771,1970
Mo1S2,Mo-S,Chevrel,P 63/m m c,0.0,1531960,- Mo S2 -,P 63/m m c,194,3.169,3.169,12.324,107.183,2002
Mo1S2,Mo-S,Chevrel,P 63/m m c,0.0,1534511,- Mo15 S19 -,P 63/m,176,9.1838,9.1838,19.0483,1391.33,2004
Ag1Mo6S8,Ag-Mo-S,Chevrel,R -3,7.7,1509061,- Ag0.961 Mo6 S8 -,P -1,2,6.4592,6.4469,6.459,268.607,1990
In2Mo15Se19,In-Mo-Se,Chevrel,R -3 c,1.5,2106972,- In2.9 Mo15 Se19 -,P 63/m,176,9.804,9.804,19.49,1622.37,1979
In2Mo15Se19,In-Mo-Se,Chevrel,R -3 c,1.5,2106973,- In3.3 Mo15 Se19 -,P 63/m,176,9.83,9.83,19.4,1623.45,1979
In2Mo15Se19,In-Mo-Se,Chevrel,R -3 c,1.5,2107132,- In2 Mo15 Se19 -,R -3 c :R,167,20.159,20.159,20.159,1574.32,1981
Cu1Nd2O3.5,Cu-Nd-O,Cuprate,C 1 2/m 1,0.0,1001663,- Cu Nd O2.5 -,P b a m,55,5.596,10.29,3.806,219.2,1995
Cu1Nd2O3.5,Cu-Nd-O,Cuprate,C 1 2/m 1,0.0,1001664,- Cu Nd O2.6 -,P 1 1 2/m,10,8.56,8.534,3.777,275.9,1995
Cu1Nd2O3.5,Cu-Nd-O,Cuprate,C 1 2/m 1,0.0,1001665,- Cu Nd O2.93 -,P b n m,62,5.334,6.308,7.196,242.1,1995
Cu1Nd2O3.5,Cu-Nd-O,Cuprate,C 1 2/m 1,0.0,1001671,- Cu Nd2 O3.5 -,I m m m,71,4.237,3.7675,11.917,190.2,1994
Cu1Nd2O3.5,Cu-Nd-O,Cuprate,C 1 2/m 1,0.0,1541026,- Cu Nd2 O3.864 -,I 4/m m m,139,3.9438,3.9438,12.1549,189.052,1989
Ce0.7Cu2Eu1.3Ru1Sr2O10,Ce-Cu-Eu-O-Ru-Sr,Cuprate,C 1 m 1,33.0,1526811,- Ce0.58 Cu2 Eu1.8 O10.024 Ru0.92 Sr1.7 -,I 4/m m m,139,3.8424,3.8424,28.559,421.646,2001
Bi1.7Ca1Cu2Pb0.3Sr2O8,Bi-Ca-Cu-O-Pb-Sr,Cuprate,C c c 2,80.5,1525659,- Bi2 Ca1.7 Cu3 O10 Pb0.3 Sr2 -,A 2 a a,37,5.402,5.419,36.957,1081.86,2000
Bi1.7Ca1Cu2Pb0.3Sr2O8,Bi-Ca-Cu-O-Pb-Sr,Cuprate,C c c 2,80.5,1540770,- Bi1.6 Ca2 Cu3 O10 Pb0.4 Sr2 -,I 4/m m m,139,3.823,3.823,37.074,541.849,1989
Ba2.02Cu1.01Tl1.97O6.16,Ba-Cu-O-Tl,Cuprate,C m c a,0.0,1008594,- Ba2 Cu1.06 O6 Tl1.94 -,I 4/m m m,139,3.8714,3.8714,23.269,348.7,1993
Ba2.02Cu1.01Tl1.97O6.16,Ba-Cu-O-Tl,Cuprate,C m c a,0.0,1530546,- Ba2 Cu O6 Tl2 -,A b m a,64,5.4967,5.4651,23.246,698.31,1988
Ba2.02Cu1.01Tl1.97O6.16,Ba-Cu-O-Tl,Cuprate,C m c a,0.0,1540969,- Ba2 Cu O6 Tl2 -,I 4/m m m,139,3.85944,3.85944,23.1272,344.486,1988
Ba2.02Cu1.01Tl1.97O6.16,Ba-Cu-O-Tl,Cuprate,C m c a,0.0,1541087,- Ba2 Cu O6.1 Tl2 -,F m m m,69,5.4604,5.4848,23.2038,694.935,1989
Ba2.02Cu1.01Tl1.97O6.16,Ba-Cu-O-Tl,Cuprate,C m c a,0.0,1541208,- Ba2 Cu O5 Tl -,P 4/m m m,123,3.85,3.85,9.54,141.407,1990
Ba1.72Cu4La0.28Y1O8,Ba-Cu-La-O-Y,Cuprate,C m m m,18.9,1522243,- Ba1.85 Cu3 La0.15 O7 Y -,P m m m,47,3.8837,3.8189,11.6612,172.953,1999
Ba1.72Cu4La0.28Y1O8,Ba-Cu-La-O-Y,Cuprate,C m m m,18.9,1522244,- Ba1.8 Cu3 La0.2 O7 Y -,P m m m,47,3.8851,3.8221,11.6426,172.884,1999
Ba1.72Cu4La0.28Y1O8,Ba-Cu-La-O-Y,Cuprate,C m m m,18.9,1522245,- Ba1.75 Cu3 La0.25 O7 Y -,P m m m,47,3.8807,3.8245,11.6324,172.645,1999
Ba1.72Cu4La0.28Y1O8,Ba-Cu-La-O-Y,Cuprate,C m m m,18.9,1522246,- Ba1.7 Cu3 La0.3 O7 Y -,P m m m,47,3.8746,3.8326,11.6167,172.506,1999
Ba1.72Cu4La0.28Y1O8,Ba-Cu-La-O-Y,Cuprate,C m m m,18.9,1522247,- Ba1.6 Cu3 La0.4 O7 Y -,P m m m,47,3.8589,3.85,11.5958,172.276,1999
Ba2Cu3Eu1O6.5,Ba-Cu-Eu-O,Cuprate,F m m m,92.0,1526985,- Ba1.9 Cu3 Eu1.1 O7 -,P m m m,47,3.8406,3.8954,11.695,174.965,2000
Ba2Cu3Eu1O6.5,Ba-Cu-Eu-O,Cuprate,F m m m,92.0,1526986,- Ba1.8 Cu3 Eu1.2 O7.02 -,P m m m,47,3.8584,3.8742,11.665,174.371,2000
Ba2Cu3Eu1O6.5,Ba-Cu-Eu-O,Cuprate,F m m m,92.0,1526987,- Ba1.7 Cu3 Eu1.3 O7.02 -,P 4/m m m,123,3.8651,3.8651,11.626,173.681,2000
Ba2Cu3Eu1O6.5,Ba-Cu-Eu-O,Cuprate,F m m m,92.0,1539604,- Ba2 Cu3 Eu O7 -,P m m m,47,3.8973,3.8384,11.7069,175.128,1987
Ba2Cu3Eu1O6.5,Ba-Cu-Eu-O,Cuprate,F m m m,92.0,1540791,- Ba2 Cu3 Eu O7 -,P m m m,47,3.8998,3.8396,11.7109,175.355,1989
Ba0.004Cu1La1.996O4,Ba-Cu-La-O,Cuprate,I 4/m m m,0.0,1001097,- Ba2.4 Cu1.8 La3.6 O9.6 -,P 4/m b m,127,6.862,6.862,5.871,276.4,1981
Ba0.004Cu1La1.996O4,Ba-Cu-La-O,Cuprate,I 4/m m m,0.0,1001172,- Ba3 Cu6 La3 O14 -,P 4/m m m,123,5.5253,5.5253,11.721,357.8,1981
Ba0.004Cu1La1.996O4,Ba-Cu-La-O,Cuprate,I 4/m m m,0.0,1001376,- Ba1.5 Cu3 La1.5 O7.02 -,P 4/m m m,123,3.9098,3.9098,11.7058,178.9,1988
Ba0.004Cu1La1.996O4,Ba-Cu-La-O,Cuprate,I 4/m m m,0.0,1001433,- Ba1.5 Cu3 La1.5 O7.36 -,P 4/m m m,123,3.9024,3.9024,11.6908,178,1987
Ba0.004Cu1La1.996O4,Ba-Cu-La-O,Cuprate,I 4/m m m,0.0,1001677,- Ba2 Cu3 La O6.7 -,P 4/m m m,123,3.895,3.895,11.727,177.9,1987
Cl1Cu2Sr3O5,Cl-Cu-O-Sr,Cuprate,I m -3 m,70.0,2002173,- Cl2 Cu3 O4 Sr2 -,I 4/m m m,139,5.462,5.462,12.591,375.6,1976
Cl1Cu2Sr3O5,Cl-Cu-O-Sr,Cuprate,I m -3 m,70.0,2002194,- Cl2 Cu O2 Sr2 -,I 4/m m m,139,3.975,3.975,15.618,246.8,1975
Cl1Cu2Sr3O5,Cl-Cu-O-Sr,Cuprate,I m -3 m,70.0,2002855,- Cl Cu O2 Sr2 -,P 31 2 1,152,4.003,4.003,27.67899,384.1,1985
Ba2Ca2Cu3Tl2O10,Ba-Ca-Cu-O-Tl,Cuprate,I m m 2,118.975,1001366,- Ba2 Ca1.9 Cu3 O10.94 Tl1.82 -,I 4/m m m,139,3.85,3.85,35.6,527.7,1988
Ba2Ca2Cu3Tl2O10,Ba-Ca-Cu-O-Tl,Cuprate,I m m 2,118.975,1001367,- Ba2 Ca Cu2 O7 Tl -,P 4/m m m,123,3.833,3.833,12.68,186.3,1988
Ba2Ca2Cu3Tl2O10,Ba-Ca-Cu-O-Tl,Cuprate,I m m 2,118.975,1001373,- Ba2 Ca2 Cu3 O8.84 Tl0.93 -,P 4/m m m,123,3.844,3.844,15.88,234.6,1988
Ba2Ca2Cu3Tl2O10,Ba-Ca-Cu-O-Tl,Cuprate,I m m 2,118.975,1001420,- Ba2 Ca1.07 Cu2 O8 Tl1.93 -,I 4/m m m,139,3.86,3.86,29.388,437.9,1988
Ba2Ca2Cu3Tl2O10,Ba-Ca-Cu-O-Tl,Cuprate,I m m 2,118.975,1001532,- Ba2 Ca Cu2 O8 Tl2 -,I 4/m m m,139,3.8565,3.8565,29.3122,435.9,1992
Ca2Cu1O3,Ca-Cu-O,Cuprate,I m m m,0.0,1521117,- Ca5 Cu6 O12 -,P 1 2/c 1,13,10.9459,6.3197,16.839,1125.44,2000
Ca2Cu1O3,Ca-Cu-O,Cuprate,I m m m,0.0,1521118,- Ca4.78 Cu6 O11.6 -,P 1 2/c 1,13,10.9456,6.3192,16.84079,1125.4,2000
Ca2Cu1O3,Ca-Cu-O,Cuprate,I m m m,0.0,1525978,- Ca2 Cu O3 -,I m m m,71,12.23,3.763,3.252,149.662,2001
Ca2Cu1O3,Ca-Cu-O,Cuprate,I m m m,0.0,1525980,- Ca Cu O2 -,P 4/m m m,123,3.897,3.897,3.211,48.764,2001
Ca2Cu1O3,Ca-Cu-O,Cuprate,I m m m,0.0,2002243,- Ca Cu2 O3 -,P m m n :2,59,9.85,4.11,3.47,140.5,1969
As2Ba0.39Fe2K0.61,As-Ba-Fe-K,Ferrite,C 1 2/m 1,24.5,4123003,- As2 Ba0.83 Fe2 K0.17 -,I 4/m m m,139,3.94518,3.94518,13.13219,204.395,2014
As2Ba0.39Fe2K0.61,As-Ba-Fe-K,Ferrite,C 1 2/m 1,24.5,4123004,- As2 Ba0.32 Fe2 K0.68 -,I 4/m m m,139,3.88324,3.88324,13.53814,204.149,2014
As2Ba0.39Fe2K0.61,As-Ba-Fe-K,Ferrite,C 1 2/m 1,24.5,4123006,- As2 Ba0.84 Fe2 K0.16 -,I 4/m m m,139,3.94518,3.94518,13.13219,204.395,2014
As2Ba0.39Fe2K0.61,As-Ba-Fe-K,Ferrite,C 1 2/m 1,24.5,4123007,- As2 Ba0.52 Fe2 K0.48 -,I 4/m m m,139,3.90675,3.90675,13.37425,204.127,2014
As2Ba0.39Fe2K0.61,As-Ba-Fe-K,Ferrite,C 1 2/m 1,24.5,4123010,- As2 Ba0.84 Fe2 K0.16 -,F m m m,69,5.5864,5.5564,13.061,405.42,2014
Bi1Ni1,Bi-Ni,Ferrite,C 1 m 1,4.25,1519106,- Bi Ni0.92 -,P m c m,51,8.1527,14.1209,5.3243,612.952,2000
Bi1Ni1,Bi-Ni,Ferrite,C 1 m 1,4.25,4003074,- Bi2 Ni -,C 1 2/m 1,12,12.1135,3.83754,5.2749,240.778,2019
Bi1Ni1,Bi-Ni,Ferrite,C 1 m 1,4.25,4003075,- Bi2 Ni -,C 1 2/m 1,12,12.80484,4.04053,5.51174,279.94,2019
Bi1Ni1,Bi-Ni,Ferrite,C 1 m 1,4.25,7120700,- Bi Ni -,C m c m,63,3.3873,9.4079,3.7587,119.78,2017
Bi10Fe10Sr15O46,Bi-Fe-O-Sr,Ferrite,C 2 2 2,0.0,1001709,- Bi2 Fe2 O11 Sr2.591 -,F m m m,69,5.488,5.475,31.50899,946.7,1995
Bi10Fe10Sr15O46,Bi-Fe-O-Sr,Ferrite,C 2 2 2,0.0,1530375,- Bi2 Fe2 O10 Sr4 -,P 4/m m m,123,3.827,3.827,18.52,271.243,1989
Bi10Fe10Sr15O46,Bi-Fe-O-Sr,Ferrite,C 2 2 2,0.0,1540370,- Bi10 Fe10 O46 Sr15 -,C 2 2 2,21,27.245,31.696,5.4617,4716.49,1989
Bi10Fe10Sr15O46,Bi-Fe-O-Sr,Ferrite,C 2 2 2,0.0,2310038,- Bi14 Fe12 O61 Sr21 -,X2/m(\a0\g)0s,,3.5905,5.4903,3.4954,68.217,2012
Bi10Fe10Sr15O46,Bi-Fe-O-Sr,Ferrite,C 2 2 2,0.0,2310043,- Bi12 Fe10 O52 Sr18 -,X2/m(\a0\g)0s,,3.6174,5.48,3.4641,67.87,2012
Ni1S1,Ni-S,Ferrite,F d -3 m,0.0,1010435,- Ni S -,P 63/m m c,194,3.42,3.42,5.3,53.7,1925
Ni1S1,Ni-S,Ferrite,F d -3 m,0.0,1011038,- Ni S -,R 3 m :R,160,5.64,5.64,5.64,84,1925
Ni1S1,Ni-S,Ferrite,F d -3 m,0.0,1011250,- Ni3 S2 -,R 3 2 :R,155,4.049,4.049,4.049,66.4,1938
Ni1S1,Ni-S,Ferrite,F d -3 m,0.0,1537587,- Ni3 S2 -,F -4 3 m,216,5.216,5.216,5.216,141.91,1963
Ni1S1,Ni-S,Ferrite,F d -3 m,0.0,1538624,- Ni S -,P 63/m m c,194,3.43,3.43,5.34,54.408,1975
K1Ni2S2,K-Ni-S,Ferrite,F d d d,0.46,1005023,- K2 Ni3 S4 -,F d d d :2,70,5.723,10.04,26.05899,1497.3,1996
K1Ni2S2,K-Ni-S,Ferrite,F d d d,0.46,4031658,- K Ni2 S2 -,I 4/m m m,139,3.791,3.791,12.829,184.374,1989
Ni3P1,Ni-P,Ferrite,I -4,0.0,1522619,- Ni2 P -,P -6 2 m,189,5.862,5.862,3.372,100.348,1938
Ni3P1,Ni-P,Ferrite,I -4,0.0,1526196,- Ni P2 -,C 1 2/c 1,15,6.352,5.6042,5.621,173.948,2000
Ni3P1,Ni-P,Ferrite,I -4,0.0,1526484,- Ni P3 -,I m -3,204,7.8157,7.8157,7.8157,477.423,2000
Ni3P1,Ni-P,Ferrite,I -4,0.0,1537573,- Ni12 P5 -,I 4/m,87,8.646,8.646,5.07,378.999,1965
Ni3P1,Ni-P,Ferrite,I -4,0.0,1537574,- Ni P -,P b c a,61,6.05,4.881,6.89,203.462,1965
Bi2Ni3S2,Bi-Ni-S,Ferrite,I 21 3,0.79,1525608,- Bi2 Ni3 S2 -,C 1 2/m 1,12,11.065,8.078,11.451,1023.53,2001
Bi2Ni3S2,Bi-Ni-S,Ferrite,I 21 3,0.79,9000309,- Bi2 Ni3 S2 -,P m a m,51,5.545,5.731,4.052,128.766,1973
Fe2K0.8Se2,Fe-K-Se,Ferrite,I 4/m,31.36428571,1501461,- Fe2 K0.8 Se1.96 -,I 4/m m m,139,3.9092,3.9092,14.1353,216.013,2011
Fe2K0.8Se2,Fe-K-Se,Ferrite,I 4/m,31.36428571,1515541,- Fe15.631 K8.622 Se20 -,I 4/m,87,8.7653,8.7653,13.8811,1066.49,2011
Fe2K0.8Se2,Fe-K-Se,Ferrite,I 4/m,31.36428571,1515542,- Fe15.29 K9.223 Se20 -,I 4/m,87,8.7788,8.7788,13.8604,1068.18,2011
Fe2K0.8Se2,Fe-K-Se,Ferrite,I 4/m,31.36428571,1520903,- Fe K3 Se3 -,P 1 21/c 1,14,8.023,12.868,10.41,852.753,1999
Fe2K0.8Se2,Fe-K-Se,Ferrite,I 4/m,31.36428571,1520905,- Fe2 K3 Se4 -,P n m a,62,7.433,11.341,12.016,1012.92,1999
As12Fe4La1,As-Fe-La,Ferrite,I m -3,0.0,4315027,- As82 Fe115 La24 -,P m m n :2,59,10.8881,25.753,12.5436,3517.2,2010
Fe2P1,Fe-P,Ferrite,I m m 2,0.0,1008826,- Fe2 P -,P -6 2 m,189,5.69,5.69,3.458,97,1998
Fe2P1,Fe-P,Ferrite,I m m 2,0.0,1011335,- Fe2 P -,P -6 2 m,189,5.852,5.852,3.453,102.4,1930
Fe2P1,Fe-P,Ferrite,I m m 2,0.0,1528058,- Fe P -,P n a 21,33,5.193,5.792,3.099,93.211,1972
Fe2P1,Fe-P,Ferrite,I m m 2,0.0,1539131,- Fe P4 -,C 2 2 21,20,5.005,10.213,5.53,282.672,1978
Fe2P1,Fe-P,Ferrite,I m m 2,0.0,1539808,- Fe P4 -,C 1 2/c 1,15,5.0543,10.407,11.069,582.115,1987
Ni2P2Sr1,Ni-P-Sr,Ferrite,I m m m,1.415,1526573,- Ni10 P6 Sr -,P n m a,62,15.993,6.473,8.735,904.271,2000
Ni2P2Sr1,Ni-P-Sr,Ferrite,I m m m,1.415,1526577,- Ni10 P6 Sr -,C m c a,64,6.481,16.08,8.763,913.231,2000
Ni2P2Sr1,Ni-P-Sr,Ferrite,I m m m,1.415,4002218,- Ni2 P4 Sr -,F d d d,70,5.1928,9.5598,18.9575,941.09,2015
Ni0.02S2Ta1,Ni-S-Ta,Ferrite,P -3 m 1,3.325,1530816,- Ni3 S8 Ta2 -,P b a m,55,14.092,10.078,3.314,470.652,1986
Mo1Ni1P1,Mo-Ni-P,Ferrite,P -6 2 m,15.5,1526191,- Mo8.58 Ni7.42 P6 -,P -1,2,7.0079,7.029,7.0308,277.63,2001
Mo1Ni1P1,Mo-Ni-P,Ferrite,P -6 2 m,15.5,1526193,- Mo3 Ni2 P1.167 -,F -4 3 m,216,10.846,10.846,10.846,1275.88,2001
Mo1Ni1P1,Mo-Ni-P,Ferrite,P -6 2 m,15.5,1526195,- Mo2.675 Ni0.325 P -,I -4,82,9.733,9.733,4.7805,452.863,2001
Mo1Ni1P1,Mo-Ni-P,Ferrite,P -6 2 m,15.5,1533905,- Mo1.812 Ni1.188 P -,I 1 m 1,8,10.4036,8.4055,4.7357,413.976,2002
Mo1Ni1P1,Mo-Ni-P,Ferrite,P -6 2 m,15.5,1539773,- Mo Ni P8 -,P -3 1 c,163,6.222,6.222,8.73,292.688,1991
Ge4Ru3Yb2,Ge-Ru-Yb,Heavy_fermion,C 1 2/c 1,0.0,1538038,- Ge2 Ru2 Yb -,I 4/m m m,139,4.203,4.203,9.763,172.465,1985
B4Rh4Yb1,B-Rh-Yb,Heavy_fermion,C c c a,0.0,1511320,- B Rh3 Yb -,P m -3 m,221,4.14,4.14,4.14,70.958,1985
B4Rh4Yb1,B-Rh-Yb,Heavy_fermion,C c c a,0.0,2219732,- B Rh2.67 Yb -,P m -3 m,221,4.12992,4.12992,4.12992,70.441,2008
Ce1Pt1Si2,Ce-Pt-Si,Heavy_fermion,C m c m,0.14,1527722,- Ce Pt Si2 -,C m c m,63,4.288,16.718,4.238,303.809,1990
Ce1Pt1Si2,Ce-Pt-Si,Heavy_fermion,C m c m,0.14,1532301,- Ce3 Pt23 Si11 -,F m -3 m,225,16.837,16.837,16.837,4773.03,2002
Ce1Ge3Ni1,Ce-Ge-Ni,Heavy_fermion,C m m m,0.455,1521956,- Ce5 Ge2.19 Ni0.81 -,I 4/m c m,140,7.861,7.861,13.858,856.36,2000
Ce1Ge3Ni1,Ce-Ge-Ni,Heavy_fermion,C m m m,0.455,1528026,- Ce Ge2 Ni -,C m c m,63,4.2392,16.7546,4.2005,298.345,1993
Ce1Ge3Ni1,Ce-Ge-Ni,Heavy_fermion,C m m m,0.455,1533359,- Ce Ge Ni -,P n m a,62,7.2469,4.3083,7.2379,225.98,2004
Ce1Ge3Ni1,Ce-Ge-Ni,Heavy_fermion,C m m m,0.455,1539662,- Ce5 Ge2 Ni -,P 4/n n c :1,126,11.76,11.76,6.429,889.115,1987
Ce1Ge3Ni1,Ce-Ge-Ni,Heavy_fermion,C m m m,0.455,1539779,- Ce Ge1.4 Ni0.6 -,P 6/m m m,191,4.178,4.178,4.224,63.854,1994
Al20Pr1Ti2,Al-Pr-Ti,Heavy_fermion,F d -3 m,0.19,1562864,- Al20 Pr Ti2 -,F d -3 m :2,227,14.725,14.725,14.725,3192.8,2012
Pu1,Pu,Heavy_fermion,F d d d,0.0,1525989,- Pu -,P 1 21/m 1,11,6.18595,4.82598,10.9719,320.64,2001
Pu1,Pu,Heavy_fermion,F d d d,0.0,1536220,- Pu -,P 63/m,176,5.437,5.437,4.493,115.023,1993
Pu1,Pu,Heavy_fermion,F d d d,0.0,1537897,- Pu -,F m -3 m,225,4.6347,4.6347,4.6347,99.555,1956
Pu1,Pu,Heavy_fermion,F d d d,0.0,2106495,- Pu19 -,C m c a,64,5.345,14.884,10.898,866.99,1978
Pu1,Pu,Heavy_fermion,F d d d,0.0,2310541,- Pu -,I 4/m m m,139,3.63,3.63,6.094,80.3,1965
Be13Ce1,Be-Ce,Heavy_fermion,F m -3 c,0.0,4113113,- Be13 Ce -,F m -3 c,226,10.376,10.376,10.376,1117.1,2004
Au2In1Yb1,Au-In-Yb,Heavy_fermion,F m -3 m,0.0,1510199,- Au In Yb -,P -6 2 m,189,7.708,7.708,4.027,207.203,1977
Au2In1Yb1,Au-In-Yb,Heavy_fermion,F m -3 m,0.0,1510437,- Au2 In Yb -,F m -3 m,225,6.86,6.86,6.86,322.829,1986
Au2In1Yb1,Au-In-Yb,Heavy_fermion,F m -3 m,0.0,4027821,- Au In2 Yb -,C m c m,63,4.559,10.764,7.552,370.6,1999
Au2In1Yb1,Au-In-Yb,Heavy_fermion,F m -3 m,0.0,4317041,- Au3 In5 Yb2 -,C m c 21,36,4.5351,26.824,7.4641,908,2010
Au2In1Yb1,Au-In-Yb,Heavy_fermion,F m -3 m,0.0,4317042,- Au2 In4 Yb -,P 1 21/m 1,11,7.6536,4.5424,9.591,317.41,2010
Co0.92Mn0.08U6,Co-Mn-U,Heavy_fermion,I 4/m c m,2.2,1525085,- Co Mn U -,F d -3 m :1,227,7.067,7.067,7.067,352.944,1963
Al2Ce1Pd5,Al-Ce-Pd,Heavy_fermion,I 4/m m m,0.735,1518872,- Al2 Ce Pd2 -,P 4/n m m :2,129,4.3974,4.3974,9.871,190.88,2015
Al2Ce1Pd5,Al-Ce-Pd,Heavy_fermion,I 4/m m m,0.735,1518873,- Al2.96 Ce Pd3.04 -,P 4/n m m :2,129,4.3045,4.3045,13.4426,249.07,2015
Al2Ce1Pd5,Al-Ce-Pd,Heavy_fermion,I 4/m m m,0.735,1518874,- Al3.94 Ce Pd4.07 -,P 4/n m m :2,129,4.325,4.325,16.23,303.6,2015
Al2Ce1Pd5,Al-Ce-Pd,Heavy_fermion,I 4/m m m,0.735,1522021,- Al7.2 Ce Pd3.8 -,I 41/a m d :1,141,10.706,10.706,6.923,793.503,1994
Al2Ce1Pd5,Al-Ce-Pd,Heavy_fermion,I 4/m m m,0.735,1523461,- Al3 Ce Pd2 -,P 6/m m m,191,5.4521,5.4521,4.2129,108.452,1994
B4Ce1Ru4,B-Ce-Ru,Heavy_fermion,I 41/a c d,0.0,1510973,- B2 Ce Ru2 -,F 2 2 2,22,6.4861,9.0573,10.0263,589.011,1987
B4Ce1Ru4,B-Ce-Ru,Heavy_fermion,I 41/a c d,0.0,1510974,- B2 Ce Ru3 -,P 6/m m m,191,5.527,5.527,2.991,79.127,1980
Ce3Pd4Si4,Ce-Pd-Si,Heavy_fermion,I m m m,0.0,1526166,- Ce3 Pd5 Si -,I m m a,74,13.027,7.377,7.58,728.439,2001
Ce3Pd4Si4,Ce-Pd-Si,Heavy_fermion,I m m m,0.0,1526861,- Ce4 Pd29 Si14 -,F m -3 m,225,18.01,18.01,18.01,5841.73,2001
Ce1Mo6S8,Ce-Mo-S,Heavy_fermionChevrel,R -3,0.0,1530565,- Ce Mo6 S8 -,R -3 :R,148,6.509,6.509,6.509,275.597,1987
Ba8Cu4Si42,Ba-Cu-Si,Other,A m a 2,2.9,1537043,- Ba Cu9 Si4 -,I 4/m c m,140,8.198,8.198,11.735,788.677,2003
Bi1S1,Bi-S,Other,A m m 2,0.0,1010801,- Bi2 S3 -,,,11.13,11.27,3.97,498,1938
Bi1S1,Bi-S,Other,A m m 2,0.0,1521540,- Bi2 S3 -,P b n m,62,11.17,11.319,3.992,504.721,1999
Bi1S1,Bi-S,Other,A m m 2,0.0,9003472,- Bi2 S3 -,P n m a,62,11.316,3.9709,11.178,502.28,2004
Bi1S1,Bi-S,Other,A m m 2,0.0,9003473,- Bi2 S3 -,P n m a,62,11.345,3.994,11.193,507.176,2004
Bi1S1,Bi-S,Other,A m m 2,0.0,9003474,- Bi2 S3 -,P n m a,62,11.354,3.9911,11.188,506.984,2004
Bi2K3,Bi-K,Other,C 1 2/c 1,0.0,1010295,- Bi K3 -,P 63/m m c,194,6.178,6.178,10.933,361.4,1937
Bi2K3,Bi-K,Other,C 1 2/c 1,0.0,4320328,- Bi4 K5 -,C 1 2/m 1,12,12.517,5.5412,11.625,750.4,2001
Au0.2Sn0.8,Au-Sn,Other,C c c a,2.38,1510301,- Au Sn -,P 63/m m c,194,4.323,4.323,5.523,89.387,1931
Au0.2Sn0.8,Au-Sn,Other,C c c a,2.38,1510306,- Au Sn2 -,P b c a,61,6.909,7.037,11.789,573.165,1959
Au0.2Sn0.8,Au-Sn,Other,C c c a,2.38,1510307,- Au Sn4 -,A b a 2,41,6.5124,6.5162,11.7065,496.778,1984
Au0.2Sn0.8,Au-Sn,Other,C c c a,2.38,1510354,- Au1.8 Sn0.2 -,P 63/m m c,194,2.9081,2.9081,4.7859,35.052,1962
Au0.2Sn0.8,Au-Sn,Other,C c c a,2.38,1510464,- Au0.85 Sn0.15 -,P 63/m m c,194,2.9305,2.9305,4.7761,35.521,1960
As1Pd2,As-Pd,Other,C m c 21,1.15,1011348,- As2 Pd -,P a -3,205,5.982,5.982,5.982,214.1,1929
As1Pd2,As-Pd,Other,C m c 21,1.15,1541209,- As Pd5 -,C 1 2 1,5,5.52,7.739,8.426,355.531,1978
As1Pd2,As-Pd,Other,C m c 21,1.15,9012346,- As2 Pd -,P a -3,205,5.979,5.979,5.979,213.74,1994
As1Pd2,As-Pd,Other,C m c 21,1.15,9012381,- As Pd2 -,C m c 21,36,3.245,16.844,6.576,359.436,1969
As1Pd2,As-Pd,Other,C m c 21,1.15,9014218,- As2 Pd -,P a -3,205,5.9855,5.9855,5.9855,214.438,1965
Br2,Br,Other,C m c a,1.4,1010096,- Br -,C m c a,64,16.67,4.48,8.72,651.2,1936
Br2,Br,Other,C m c a,1.4,9008594,- Br2 -,B m e b,64,6.67,8.72,4.48,260.568,1963
Br2,Br,Other,C m c a,1.4,9013116,- Br2 -,C m c e,64,6.5672,4.4678,8.6938,255.084,1984
Br2,Br,Other,C m c a,1.4,9013117,- Br2 -,C m c e,64,6.5982,4.4933,8.7014,257.976,1984
Br2,Br,Other,C m c a,1.4,9013118,- Br2 -,C m c e,64,6.6567,4.5541,8.7068,263.949,1984
Ag0.625Al0.375,Ag-Al,Other,C m c m,0.106,1509011,- Ag0.65 Al0.35 -,P 63/m m c,194,2.8773,2.8773,4.624,33.153,1991
Ag0.625Al0.375,Ag-Al,Other,C m c m,0.106,1509032,- Ag0.75 Al0.25 -,I m -3 m,229,3.24,3.24,3.24,34.012,1936
Ag0.625Al0.375,Ag-Al,Other,C m c m,0.106,1509038,- Ag0.8 Al0.2 -,F m -3 m,225,4.062,4.062,4.062,67.022,1975
Ag0.625Al0.375,Ag-Al,Other,C m c m,0.106,1509066,- Ag0.2 Al3.8 -,F m -3 m,225,4.0447,4.0447,4.0447,66.17,1950
Ag0.625Al0.375,Ag-Al,Other,C m c m,0.106,1509582,- Ag1.2 Al2.8 -,F m -3 m,225,4.0523,4.0523,4.0523,66.543,1968
Hf25Nb50Zr25,Hf-Nb-Zr,Other,C m m 2,10.1,1537989,- Hf0.4 Nb1.2 Zr0.4 -,I m -3 m,229,3.4,3.4,3.4,39.304,1967
Hf25Nb50Zr25,Hf-Nb-Zr,Other,C m m 2,10.1,1539152,- Hf0.8 Nb0.6 Zr0.6 -,I m -3 m,229,3.478,3.478,3.478,42.072,1964
Ag1Be2,Ag-Be,Other,F d -3 m,0.0,1509228,- Ag Be2 -,F d -3 m :1,227,6.287,6.287,6.287,248.502,1938
Ag1Be2,Ag-Be,Other,F d -3 m,0.0,1509229,- Ag Be2 -,F d -3 m :1,227,6.3,6.3,6.3,250.047,1936
Ag0.5Ba1Si1.5,Ag-Ba-Si,Other,F d d d,1.21,1509590,- Ag1.346 Ba2 Si1.886 -,C 2 2 2,21,8.612,14.917,19.633,2522.16,1996
Ag0.5Ba1Si1.5,Ag-Ba-Si,Other,F d d d,1.21,1509733,- Ag2 Ba4 Si6 -,F d d d :2,70,8.613,14.927,19.639,2524.91,1999
Ag0.5Ba1Si1.5,Ag-Ba-Si,Other,F d d d,1.21,1509849,- Ag3.8 Ba8 Si42.2 -,P m -3 n,223,10.478,10.478,10.478,1150.36,1991
Ag0.15Sn0.85Te1,Ag-Sn-Te,Other,F m -3 m,2.15,1509548,- Ag Sn Te2 -,F m -3 m,225,6.04,6.04,6.04,220.349,1964
Se2Ta1,Se-Ta,Other,F m m 2,0.125,1521538,- Se2 Ta -,P 63/m m c,194,3.4552,3.4552,25.1495,260.02,1999
Se2Ta1,Se-Ta,Other,F m m 2,0.125,1521539,- Se2 Ta -,P 63/m,176,12.4579,12.4579,25.1495,3380.26,1999
Se2Ta1,Se-Ta,Other,F m m 2,0.125,1537442,- Se2 Ta -,P 63 m c,186,3.436,3.436,25.532,261.049,1969
Se2Ta1,Se-Ta,Other,F m m 2,0.125,1539903,- Se2 Ta -,P -1,2,12.45,12.45,9.36,840.191,1980
Se2Ta1,Se-Ta,Other,F m m 2,0.125,1540056,- Se Ta2 -,P 4/n m m :2,129,3.375,3.375,9.832,111.993,1989
Al0.402V0.598,Al-V,Other,F m m m,0.0,2106181,- Al8 V5 -,I -4 3 m,217,9.234,9.234,9.234,787.353,1977
As2Cd1Ge1,As-Cd-Ge,Other,I -4 2 d,3.02,1541232,- As4 Cd2 Ge -,P n m a,62,7.182,7.42,12.671,675.243,1974
K1La1Nb2O7,K-La-Nb-O,Oxide,A m m 2,0.0,1545643,- K La Nb2 O7 -,C 2 2 2,21,3.906,21.603,3.8879,328.066,1992
K1La1Nb2O7,K-La-Nb-O,Oxide,A m m 2,0.0,4001007,- K0.05 La0.91 Nb O4.1 -,P 1 21/n 1,14,14.0652,3.9413,6.7477,373.966,2009
Ba0.13W1O3,Ba-O-W,Oxide,C 1 2/m 1,1.9,1001273,- Ba0.15 O3 W -,P b m m,51,8.859,10.039,3.808,338.7,1984
Ba0.13W1O3,Ba-O-W,Oxide,C 1 2/m 1,1.9,1525098,- Ba3 O9 W2 -,R -3 c :H,167,10.136,10.136,13.968,1242.79,1980
Ba0.13W1O3,Ba-O-W,Oxide,C 1 2/m 1,1.9,1527204,- Ba O4 W -,I 41/a :2,88,5.614,5.614,12.719,400.865,1970
Ba0.13W1O3,Ba-O-W,Oxide,C 1 2/m 1,1.9,1533878,- Ba6 O18 W4 -,R -3 c :H,167,10.13,10.13,13.96,1240.61,1979
Ba0.13W1O3,Ba-O-W,Oxide,C 1 2/m 1,1.9,1534803,- Ba3 O6 W -,P 1,1,6.1072,6.1071,8.671,323.405,1991
Co1Na0.6O2,Co-Na-O,Oxide,C 1 m 1,0.0,1523212,- Co4 Na10 O9 -,P -1,2,8.5404,8.4515,11.3433,654.46,1979
Co1Na0.6O2,Co-Na-O,Oxide,C 1 m 1,0.0,1523213,- Co Na4 O3 -,C 1 c 1,9,10.993,5.749,8.13,469.531,1979
Co1Na0.6O2,Co-Na-O,Oxide,C 1 m 1,0.0,1523329,- Co Na4 O3 -,P 1,1,8.144,6.22,5.758,236.065,1979
Co1Na0.6O2,Co-Na-O,Oxide,C 1 m 1,0.0,1524127,- Co4 Na10 O9 -,P -1,2,12.181,8.527,8.322,648.582,1979
Co1Na0.6O2,Co-Na-O,Oxide,C 1 m 1,0.0,1527203,- Co Na5 O4 -,P b c a,61,10.36,5.99,18.04999,1120.12,1980
Co1La2O4,Co-La-O,Oxide,C m c a,0.0,1530874,- Co La O3 -,R -3 c :R,167,5.3416,5.3416,5.3416,110.174,1986
Co1La2O4,Co-La-O,Oxide,C m c a,0.0,1533633,- Co La O3 -,I 1 2/a 1,15,5.3611,5.4316,7.6318,222.195,2004
Co1La2O4,Co-La-O,Oxide,C m c a,0.0,2002265,- Co La2 O4 -,A b m a,64,5.49,5.488,12.548,378.1,1980
Co1La2O4,Co-La-O,Oxide,C m c a,0.0,4124852,- Co La O3 -,P m -3 m,221,3.82,3.82,3.82,55.743,1954
Co1La2O4,Co-La-O,Oxide,C m c a,0.0,6000364,- Co2 La2 O5 -,P n m a,,5.4445,15.8689,5.6922,491.8,1998
La2Sr1O4.003,La-O-Sr,Oxide,C m c m,0.0,2002263,- La4 O9 Sr3 -,C 1 c 1,9,11.657,7.34,13.471,1039.5,1980
Ca2Ru2O7,Ca-O-Ru,Oxide,F d -3 m,0.0,1526044,- Ca2 O4 Ru -,P b c a,61,5.3945,5.5999,11.7653,355.414,2001
Ca2Ru2O7,Ca-O-Ru,Oxide,F d -3 m,0.0,1533864,- Ca O3 Ru -,P n m a,62,5.5311,7.646,5.3408,225.867,2004
Ag7N1O11,Ag-N-O,Oxide,F m m 2,1.03625,1010262,- Ag N O2 -,I m m 2,44,3.505,6.14,5.16,111,1936
Ag7N1O11,Ag-N-O,Oxide,F m m 2,1.03625,1509468,- Ag N O3 -,P b c a,61,6.995,7.328,10.118,518.642,1971
Ag7N1O11,Ag-N-O,Oxide,F m m 2,1.03625,1509961,- Ag7 N O6 -,F -4 3 m,216,9.87,9.87,9.87,961.505,1953
Ag7N1O11,Ag-N-O,Oxide,F m m 2,1.03625,1509963,- Ag7 N O8 -,F m -3 m,225,9.87,9.87,9.87,961.505,1948
Ag7N1O11,Ag-N-O,Oxide,F m m 2,1.03625,1510019,- Ag3 N5 O6 -,C c m 21,36,5.871,13.351,9.397,736.572,1998
Bi1K0.6Sr0.4O3,Bi-K-O-Sr,Oxide,I -4 2 m,11.42166667,1008816,- Bi K0.56 O3 Sr0.44 -,I 4/m c m,140,5.9416,5.9416,8.4394,297.9,1997
Bi1K0.6Sr0.4O3,Bi-K-O-Sr,Oxide,I -4 2 m,11.42166667,1009011,- Bi2 K1.4 O7 Sr1.6 -,I 4/m m m,139,4.1549,4.1549,21.82729,376.8,1999
Bi1K0.6Sr0.4O3,Bi-K-O-Sr,Oxide,I -4 2 m,11.42166667,1520874,- Bi K0.6 O3 Sr0.4 -,I 4/m c m,140,5.92803,5.92803,8.4301,296.247,2000
Bi1K0.6Sr0.4O3,Bi-K-O-Sr,Oxide,I -4 2 m,11.42166667,1520877,- Bi K0.6 O2.84 Sr0.4 -,I 4/m c m,140,5.95493,5.95493,8.4508,299.675,2000
Bi1K0.6Sr0.4O3,Bi-K-O-Sr,Oxide,I -4 2 m,11.42166667,1520878,- Bi K0.6 O2.66 Sr0.4 -,I 4/m c m,140,5.96045,5.96045,8.4545,300.363,2000
Sr4V3O9.8,O-Sr-V,Oxide,I 4,0.0,1007101,- O8 Sr3 V2 -,R -3 m :R,166,7.458,7.458,7.458,183.8,1959
Sr4V3O9.8,O-Sr-V,Oxide,I 4,0.0,1008477,- O4 Sr2 V -,I 4/m m m,139,3.834,3.834,12.5874,185,1990
Sr4V3O9.8,O-Sr-V,Oxide,I 4,0.0,1512117,- O3 Sr V -,P m -3 m,221,3.8409,3.8409,3.8409,56.663,1999
Sr4V3O9.8,O-Sr-V,Oxide,I 4,0.0,1512118,- O3 Sr V -,P m -3 m,221,3.8425,3.8425,3.8425,56.734,2003
Sr4V3O9.8,O-Sr-V,Oxide,I 4,0.0,1512119,- O3 Sr V -,P m -3 m,221,3.84,3.84,3.84,56.6,1990
Ba2Bi2K1O7,Ba-Bi-K-O,Oxide,I 4 m m,0.0,1004099,- Ba0.87 Bi K0.13 O3 -,P m -3 m,221,4.3223,4.3223,4.3223,80.8,1988
Ba2Bi2K1O7,Ba-Bi-K-O,Oxide,I 4 m m,0.0,1525709,- Ba0.63 Bi K0.37 O3 -,P m -3 m,221,4.304,4.304,4.304,79.729,2000
Ba2Bi2K1O7,Ba-Bi-K-O,Oxide,I 4 m m,0.0,1525710,- Ba0.63 Bi K0.37 O3 -,I 4/m c m,140,6.047,6.047,8.552,312.714,2000
Ba2Bi2K1O7,Ba-Bi-K-O,Oxide,I 4 m m,0.0,1526628,- Ba0.6 Bi K0.4 O3 -,P m -3 m,221,4.27841,4.27841,4.27841,78.315,2001
Ba2Bi2K1O7,Ba-Bi-K-O,Oxide,I 4 m m,0.0,1539227,- Ba0.96 Bi K0.04 O3 -,I m m m,71,6.1298,6.1374,8.6628,325.903,1988
Co1O2,Co-O,Oxide,I 4/m,0.0,1522026,- Co O1.92 -,P -3 m 1,164,2.8048,2.8048,4.2509,28.961,1999
Co1O2,Co-O,Oxide,I 4/m,0.0,1522027,- Co O2 -,P -3 m 1,164,2.8208,2.8208,4.2403,29.219,1999
Co1O2,Co-O,Oxide,I 4/m,0.0,1525955,- Co O3 -,R -3 m :H,166,9.8842,9.8842,2.4785,209.702,2001
Co1O2,Co-O,Oxide,I 4/m,0.0,1526734,- Co3 O4 -,F -4 3 m,216,8.065,8.065,8.065,524.582,1972
Co1O2,Co-O,Oxide,I 4/m,0.0,1526822,- Co O2 -,C c m m,63,4.834,2.82,21.518,293.331,2001
Sr1Ti1O3,O-Sr-Ti,Oxide,I 4/m c m,0.5040416665,1512124,- O3 Sr Ti -,P m -3 m,221,3.899,3.899,3.899,59.273,2011
Sr1Ti1O3,O-Sr-Ti,Oxide,I 4/m c m,0.5040416665,1517788,- O4 Sr2 Ti -,I 4/m m m,139,3.884,3.884,12.6,190.077,2007
Sr1Ti1O3,O-Sr-Ti,Oxide,I 4/m c m,0.5040416665,1530317,- O7 Sr3 Ti2 -,I 4/m m m,139,3.899,3.899,20.39999,310.125,1959
Sr1Ti1O3,O-Sr-Ti,Oxide,I 4/m c m,0.5040416665,1574067,- O3 Sr Ti -,P m -3 m,221,3.9059,3.9059,3.9059,59.589,2025
Sr1Ti1O3,O-Sr-Ti,Oxide,I 4/m c m,0.5040416665,2002232,- O13 Sr2 Ti6 -,C 1 2/m 1,12,15.25,3.769,9.164,520,1980
K0.9Re1O3,K-O-Re,Oxide,I 41/a,0.0,2001934,- K O4 Re -,I 41/a,,5.68174,5.68174,12.7118,410.36,1993
K0.9Re1O3,K-O-Re,Oxide,I 41/a,0.0,2001935,- K O4 Re -,I 41/a,,5.66115,5.66115,12.611,404.165,1993
K0.9Re1O3,K-O-Re,Oxide,I 41/a,0.0,2001936,- K O4 Re -,I 41/a,,5.65029,5.65029,12.5556,400.847,1993
K0.9Re1O3,K-O-Re,Oxide,I 41/a,0.0,2106705,- K O4 Re -,I 41/a :2,88,5.66,5.66,12.677,406.115,1975
K0.9Re1O3,K-O-Re,Oxide,I 41/a,0.0,5910132,- K O4 Re -,I 41/a :2,88,5.61,5.61,12.5,393.401,1931
In2O3,In-O,Oxide,I a -3,3.3,1010341,- In2 O3 -,I 21 3,199,10.12,10.12,10.12,1036.4,1927
In2O3,In-O,Oxide,I a -3,3.3,1010588,- In2 O3 -,I 21 3,199,10.12,10.12,10.12,1036.4,1928
In2O3,In-O,Oxide,I a -3,3.3,1538147,- In2 O3 -,I a -3,206,10.14,10.14,10.14,1042.59,1925
In2O3,In-O,Oxide,I a -3,3.3,1567940,- In2 O3 -,P b n a,60,5.432,5.539,7.875,236.942,2008
In2O3,In-O,Oxide,I a -3,3.3,2310009,- In2 O3 -,I a -3,206,10.117,10.117,10.117,1035.51,1966
Ca1.5Ru1Sr0.5O4,Ca-O-Ru-Sr,Oxide,I b a 2,0.0,1526045,- Ca1.9 O4 Ru Sr0.1 -,P b c a,61,5.4207,5.4802,11.9395,354.681,2001
Ca1.5Ru1Sr0.5O4,Ca-O-Ru-Sr,Oxide,I b a 2,0.0,1526047,- Ca1.8 O4 Ru Sr0.2 -,P b c a,61,5.3304,5.319,12.4094,351.836,2001
Ca1.5Ru1Sr0.5O4,Ca-O-Ru-Sr,Oxide,I b a 2,0.0,1526049,- Ca1.5 O4 Ru Sr0.5 -,I 41/a c d :2,142,5.3195,5.3195,25.1734,712.334,2001
Ca1.5Ru1Sr0.5O4,Ca-O-Ru-Sr,Oxide,I b a 2,0.0,4124513,- Ca O9 Ru2 Sr3 -,P 1 21/c 1,14,17.154,5.6891,9.8627,788.441,2002
Rb0.14W1O3,O-Rb-W,Oxide,I m m m,5.1,1001020,- O3 Rb0.28 W -,P 63/m c m,193,7.3875,7.3875,7.5589,357.3,1978
Rb0.14W1O3,O-Rb-W,Oxide,I m m m,5.1,1001198,- O108 Rb21.79 W32.74 -,I -4,82,15.966,15.966,10.099,2574.4,1979
Rb0.14W1O3,O-Rb-W,Oxide,I m m m,5.1,1004089,- O6 Rb W1.6 -,F d -3 m :2,227,10.176,10.176,10.176,1053.7,1991
Rb0.14W1O3,O-Rb-W,Oxide,I m m m,5.1,1531196,- O3 Rb0.333 W -,P 63/m c m,193,7.3939,7.3939,7.5758,358.679,2003
Rb0.14W1O3,O-Rb-W,Oxide,I m m m,5.1,2106408,- O107 Rb22 W32 -,I -4,82,15.966,15.966,10.099,2574.37,1977
Ag5Pb2O6,Ag-O-Pb,Oxide,P -3 1 m,0.0502,1509689,- Ag2 O2 Pb -,I 1 2/c 1,15,6.082,8.715,6.556,346.778,1950
Ag5Pb2O6,Ag-O-Pb,Oxide,P -3 1 m,0.0502,1509690,- Ag2 O2 Pb -,I 1 2/c 1,15,6.0775,8.704,6.553,345.981,1989
Ag5Pb2O6,Ag-O-Pb,Oxide,P -3 1 m,0.0502,1509924,- Ag5 O6 Pb2 -,P -3 1 m,162,5.9405,5.9405,6.4349,196.661,2007
Ag5Pb2O6,Ag-O-Pb,Oxide,P -3 1 m,0.0502,1509925,- Ag5 O6 Pb2 -,P 3 1 m,157,5.939,5.939,6.428,196.351,1950
Ag5Pb2O6,Ag-O-Pb,Oxide,P -3 1 m,0.0502,1532605,- Ag4.64 O5.87 Pb2 -,P -3 1 m,162,5.9415,5.9415,6.4289,196.544,2002
U1O2,O-U,OxideHeavy_fermion,F m -3 m,0.0,1524454,- O0.12 U0.88 -,P 4/m m m,123,5.38,5.38,5.55,160.641,1948
U1O2,O-U,OxideHeavy_fermion,F m -3 m,0.0,1527741,- O3 U -,I 41/a m d :2,141,6.9013,6.9013,19.9754,951.387,1977
U1O2,O-U,OxideHeavy_fermion,F m -3 m,0.0,1527742,- O3 U -,F d d d :2,70,9.787,19.932,9.705,1893.2,1977
U1O2,O-U,OxideHeavy_fermion,F m -3 m,0.0,1527743,- O3 U -,C 2 m m,38,3.961,6.86,4.166,113.2,1966
U1O2,O-U,OxideHeavy_fermion,F m -3 m,0.0,1529146,- O10 U3 -,P 1 21/c 1,14,6.821,18.91,7.3,802.323,1972
Ni1Pr2O4,Ni-O-Pr,OxideHeavy_fermion,P 42/n c m,0.0,1000290,- Ni O3 Pr -,P b n m,62,5.4146,5.3757,7.6199,221.8,1990
Ni1Pr2O4,Ni-O-Pr,OxideHeavy_fermion,P 42/n c m,0.0,1000291,- Ni O3 Pr -,P b n m,62,5.4294,5.3849,7.6362,223.3,1990
Ni1Pr2O4,Ni-O-Pr,OxideHeavy_fermion,P 42/n c m,0.0,1000292,- Ni O3 Pr -,P b n m,62,5.4456,5.3952,7.652,224.8,1990
Ni1Pr2O4,Ni-O-Pr,OxideHeavy_fermion,P 42/n c m,0.0,1000293,- Ni O3 Pr -,R -3 c :H,167,5.4577,5.4577,13.1058,338.1,1990
Ni1Pr2O4,Ni-O-Pr,OxideHeavy_fermion,P 42/n c m,0.0,1000294,- Ni O3 Pr -,R -3 c :H,167,5.4614,5.4614,13.1319,339.2,1990
