query_name,sc_class,cod_id,cod_formula,cod_sg,cod_sg_number,cod_a,cod_b,cod_c,cod_vol,cod_year,cod_journal,source
YBCO,Cuprate,1000030,- Ba2 Cu3 O6.9 Y -,P m m m,47,3.8203,3.88548,11.68349,173.4,1988,"Physical Review, Serie 3. B - Condensed Matter (18,1978-)",COD
YBCO,Cuprate,1000031,- Ba2 Cu4 O8 Y -,A m m m,65,3.8402,3.8708,27.2309,404.8,1991,Acta Crystallographica Section C,COD
YBCO,Cuprate,1001221,- Ba Cu O5 Y2 -,P b n m,62,7.132,12.181,5.658,491.5,1982,Journal of Solid State Chemistry,COD
YBCO,Cuprate,1001377,- Ba2 Cu2.98 O6.92 Y -,P 4/m m m,123,3.863,3.863,11.626,173.5,1988,"Physica C (Amsterdam) (152,1988-)",COD
YBCO,Cuprate,1001378,- Ba2 Cu2.98 O6.96 Y -,P 4/m m m,123,3.858,3.858,11.585,172.4,1988,"Physica C (Amsterdam) (152,1988-)",COD
YBCO,Cuprate,1001379,- Ba2 Cu2.93 O7 Y -,P 4/m m m,123,3.862,3.862,11.673,174.1,1988,"Physica C (Amsterdam) (152,1988-)",COD
YBCO,Cuprate,1001421,- Ba2 Cu3 O6 Y -,P 4/m m m,123,3.865,3.865,11.852,177,1987,Zeitschrift für Physik B: Condensed Matter,COD
YBCO,Cuprate,1001431,- Ba2 Cu3 O6.04 Y -,P 4/m m m,123,3.8519,3.8519,11.8037,175.1,1987,American Chemical Society: Symposium Series,COD
YBCO,Cuprate,1001432,- Ba2 Cu3 O7.34 Y -,P 4/m m m,123,3.8657,3.8657,11.6015,173.4,1987,American Chemical Society: Symposium Series,COD
YBCO,Cuprate,1001435,- Ba2 Cu3 O6.92 Y -,P m m m,47,3.8179,3.8801,11.6655,172.8,1987,American Chemical Society: Symposium Series,COD
YBCO,Cuprate,1001452,- Ba2 Cu3 O7 Y -,P m m m,47,3.8128,3.8806,11.6303,172.1,1987,Europhysics Letters,COD
YBCO,Cuprate,1001453,- Ba2 Cu3 O7 Y -,P m m m,47,3.8124,3.8807,11.6303,172.1,1987,Europhysics Letters,COD
YBCO,Cuprate,1001454,- Ba2 Cu3 O7 Y -,P m m m,47,3.8131,3.8806,11.6329,172.1,1987,Europhysics Letters,COD
YBCO,Cuprate,1001455,- Ba2 Cu3 O7 Y -,P m m m,47,3.8141,3.8812,11.6395,172.3,1987,Europhysics Letters,COD
YBCO,Cuprate,1001456,- Ba2 Cu3 O7 Y -,P m m m,47,3.8164,3.8824,11.6546,172.7,1987,Europhysics Letters,COD
YBCO,Cuprate,1001457,- Ba2 Cu3 O7 Y -,P m m m,47,3.8206,3.8851,11.6757,173.3,1987,Europhysics Letters,COD
YBCO,Cuprate,1006053,- Ba Cu O5 Y2 -,P n m a,62,12.1792,5.659,7.1325,491.6,1992,Journal of Solid State Chemistry,COD
YBCO,Cuprate,1008351,- Ba2 Cu3 O6.8 Y -,P m m m,47,3.825,3.8864,11.6945,173.8,1987,"Physical Review, Serie 3. B - Condensed Matter (18,1978-)",COD
YBCO,Cuprate,1008352,- Ba2 Cu3 O6.8 Y -,P m m m,47,3.8174,3.8804,11.652,172.6,1987,"Physical Review, Serie 3. B - Condensed Matter (18,1978-)",COD
YBCO,Cuprate,1008353,- Ba2 Cu3 O7 Y -,P m m m,47,3.8198,3.8849,11.6762,173.3,1987,"Physical Review, Serie 3. B - Condensed Matter (18,1978-)",COD
YBCO,Cuprate,1008354,- Ba2 Cu3 O7 Y -,P m m m,47,3.8126,3.8804,11.6333,172.1,1987,"Physical Review, Serie 3. B - Condensed Matter (18,1978-)",COD
YBCO,Cuprate,1008355,- Ba2.1 Cu3 O6 Y0.9 -,P 4/m m m,123,3.8715,3.8715,11.738,175.9,1987,Nature (London),COD
YBCO,Cuprate,1008369,- Ba4 Cu7 O14.3 Y2 -,A m m m,65,3.851,3.869,50.29,749.3,1988,Nature (London),COD
YBCO,Cuprate,1008382,- Ba2 Cu3 O6.91 Y -,P m m m,47,3.8091,3.8788,11.6369,171.9,1988,Solid State Communications,COD
YBCO,Cuprate,1008383,- Ba2 Cu3 O6.91 Y -,P m m m,47,3.8093,3.8787,11.6376,171.9,1988,Solid State Communications,COD
YBCO,Cuprate,1008384,- Ba2 Cu3 O6.91 Y -,P m m m,47,3.8097,3.8788,11.6397,172,1988,Solid State Communications,COD
YBCO,Cuprate,1008385,- Ba2 Cu3 O6.91 Y -,P m m m,47,3.8097,3.8788,11.6409,172,1988,Solid State Communications,COD
YBCO,Cuprate,1008386,- Ba2 Cu3 O6.91 Y -,P m m m,47,3.8099,3.8789,11.6425,172.1,1988,Solid State Communications,COD
YBCO,Cuprate,1008387,- Ba2 Cu3 O6.91 Y -,P m m m,47,3.8102,3.8791,11.6445,172.1,1988,Solid State Communications,COD
YBCO,Cuprate,1008388,- Ba2 Cu3 O6.91 Y -,P m m m,47,3.8109,3.8793,11.6477,172.2,1988,Solid State Communications,COD
YBCO,Cuprate,1008389,- Ba2 Cu3 O6.91 Y -,P m m m,47,3.8115,3.8795,11.6512,172.3,1988,Solid State Communications,COD
YBCO,Cuprate,1008390,- Ba2 Cu3 O6.91 Y -,P m m m,47,3.8121,3.8798,11.6542,172.4,1988,Solid State Communications,COD
YBCO,Cuprate,1008391,- Ba2 Cu3 O6.91 Y -,P m m m,47,3.8128,3.8802,11.658,172.5,1988,Solid State Communications,COD
YBCO,Cuprate,1008392,- Ba2 Cu3 O6.91 Y -,P m m m,47,3.8136,3.8806,11.662,172.6,1988,Solid State Communications,COD
YBCO,Cuprate,1008393,- Ba2 Cu3 O6.91 Y -,P m m m,47,3.8143,3.8812,11.6662,172.7,1988,Solid State Communications,COD
YBCO,Cuprate,1008394,- Ba2 Cu3 O6.91 Y -,P m m m,47,3.8148,3.8815,11.6681,172.8,1988,Solid State Communications,COD
YBCO,Cuprate,1008395,- Ba2 Cu3 O6.91 Y -,P m m m,47,3.8151,3.8817,11.6699,172.8,1988,Solid State Communications,COD
YBCO,Cuprate,1008396,- Ba2 Cu3 O6.91 Y -,P m m m,47,3.8158,3.8822,11.6737,172.9,1988,Solid State Communications,COD
YBCO,Cuprate,1008397,- Ba2 Cu3 O6.91 Y -,P m m m,47,3.8177,3.8836,11.6827,173.2,1988,Solid State Communications,COD
YBCO,Cuprate,1008398,- Ba2 Cu3 O6.91 Y -,P m m m,47,3.8091,3.8788,11.6369,171.9,1988,Solid State Communications,COD
YBCO,Cuprate,1008399,- Ba2 Cu3 O6.91 Y -,P m m m,47,3.8093,3.8787,11.6376,171.9,1988,Solid State Communications,COD
YBCO,Cuprate,1008400,- Ba2 Cu3 O6.91 Y -,P m m m,47,3.8097,3.8788,11.6397,172,1988,Solid State Communications,COD
YBCO,Cuprate,1008401,- Ba2 Cu3 O6.91 Y -,P m m m,47,3.8097,3.8788,11.6409,172,1988,Solid State Communications,COD
YBCO,Cuprate,1008402,- Ba2 Cu3 O6.91 Y -,P m m m,47,3.8099,3.8789,11.6425,172.1,1988,Solid State Communications,COD
YBCO,Cuprate,1008403,- Ba2 Cu3 O6.91 Y -,P m m m,47,3.8102,3.8791,11.6445,172.1,1988,Solid State Communications,COD
YBCO,Cuprate,1008404,- Ba2 Cu3 O6.91 Y -,P m m m,47,3.8109,3.8793,11.6477,172.2,1988,Solid State Communications,COD
YBCO,Cuprate,1008405,- Ba2 Cu3 O6.91 Y -,P m m m,47,3.8115,3.8795,11.6512,172.3,1988,Solid State Communications,COD
YBCO,Cuprate,1008406,- Ba2 Cu3 O6.91 Y -,P m m m,47,3.8121,3.8798,11.6542,172.4,1988,Solid State Communications,COD
YBCO,Cuprate,1008407,- Ba2 Cu3 O6.91 Y -,P m m m,47,3.8128,3.8802,11.658,172.5,1988,Solid State Communications,COD
YBCO,Cuprate,1008408,- Ba2 Cu3 O6.91 Y -,P m m m,47,3.8136,3.8806,11.662,172.6,1988,Solid State Communications,COD
YBCO,Cuprate,1008409,- Ba2 Cu3 O6.91 Y -,P m m m,47,3.8143,3.8812,11.6662,172.7,1988,Solid State Communications,COD
YBCO,Cuprate,1008410,- Ba2 Cu3 O6.91 Y -,P m m m,47,3.8148,3.8815,11.6681,172.8,1988,Solid State Communications,COD
YBCO,Cuprate,1008411,- Ba2 Cu3 O6.91 Y -,P m m m,47,3.8151,3.8817,11.6699,172.8,1988,Solid State Communications,COD
YBCO,Cuprate,1008412,- Ba2 Cu3 O6.91 Y -,P m m m,47,3.8158,3.8822,11.6737,172.9,1988,Solid State Communications,COD
YBCO,Cuprate,1008413,- Ba2 Cu3 O6.91 Y -,P m m m,47,3.8177,3.8836,11.6827,173.2,1988,Solid State Communications,COD
YBCO,Cuprate,1008414,- Ba2 Cu3 O6.86 Y -,P m m m,47,3.8103,3.8789,11.6287,171.9,1988,Solid State Communications,COD
YBCO,Cuprate,1008415,- Ba2 Cu3 O6.86 Y -,P m m m,47,3.8108,3.8789,11.6328,172,1988,Solid State Communications,COD
YBCO,Cuprate,1008416,- Ba2 Cu3 O6.86 Y -,P m m m,47,3.8114,3.8792,11.6373,172.1,1988,Solid State Communications,COD
YBCO,Cuprate,1008417,- Ba2 Cu3 O6.86 Y -,P m m m,47,3.8142,3.8807,11.6527,172.5,1988,Solid State Communications,COD
YBCO,Cuprate,1008418,- Ba2 Cu3 O6.86 Y -,P m m m,47,3.818,3.8835,11.6726,173.1,1988,Solid State Communications,COD
YBCO,Cuprate,1008419,- Ba2 Cu3 O6.86 Y -,P m m m,47,3.8103,3.8789,11.6287,171.9,1988,Solid State Communications,COD
YBCO,Cuprate,1008420,- Ba2 Cu3 O6.86 Y -,P m m m,47,3.8108,3.8789,11.6328,172,1988,Solid State Communications,COD
YBCO,Cuprate,1008421,- Ba2 Cu3 O6.86 Y -,P m m m,47,3.8114,3.8792,11.6373,172.1,1988,Solid State Communications,COD
YBCO,Cuprate,1008422,- Ba2 Cu3 O6.86 Y -,P m m m,47,3.8142,3.8807,11.6527,172.5,1988,Solid State Communications,COD
YBCO,Cuprate,1008423,- Ba2 Cu3 O6.86 Y -,P m m m,47,3.818,3.8835,11.6726,173.1,1988,Solid State Communications,COD
YBCO,Cuprate,1008448,- Ba2 Cu4 O8.06 Y -,A m m m,65,3.8415,3.8707,27.24,405,1989,Journal of the Less-Common Metals,COD
YBCO,Cuprate,1008649,- Ba2 Cu3 O6.877 Y -,P m m m,47,3.8184,3.8857,11.701,173.6,1993,"Physical Review, Serie 3. B - Condensed Matter (18,1978-)",COD
YBCO,Cuprate,1008696,- Ba2 Cu3 O6.5 Y -,P m m m,47,3.8468,3.8747,11.7466,175.1,1987,Materials Research Bulletin,COD
YBCO,Cuprate,1008706,- Ba2 Cu3 O6.072 Y -,P 4/m m m,123,3.857,3.857,11.8194,175.8,1987,Materials Research Bulletin,COD
YBCO,Cuprate,1008857,- Ba2 Cu2.78 O7 Y -,P 4/m m m,123,3.8764,3.8764,11.624,174.7,1993,"Physical Review, Serie 3. B - Condensed Matter (18,1978-)",COD
YBCO,Cuprate,1516578,- Ba2 Cu2.92 O6 Y -,P 4/m m m,123,3.864,3.864,11.782,175.91,1998,Materials Science and Engineering B,COD
YBCO,Cuprate,1521078,- Ba2 Cu3 O6.48 Y -,P m m m,47,7.674,3.881,11.724,349.173,1999,Physica C (Amsterdam),COD
YBCO,Cuprate,1522242,- Ba2 Cu3 O7 Y -,P m m m,47,3.884,3.8193,11.681,173.278,1999,Physica C (Amsterdam),COD
YBCO,Cuprate,1526963,- Ba2 Cu3 O7 Y -,P m m m,47,3.8856,3.8211,11.6869,173.519,2000,Physica C (Amsterdam),COD
YBCO,Cuprate,1530505,- Ba2 Cu2.88 O6.61 Y -,P m m m,47,3.87,3.869,11.715,175.409,1987,Materials Research Bulletin,COD
YBCO,Cuprate,1530506,- Ba2 Cu2.89 O6.66 Y -,P 4/m m m,123,3.8693,3.8693,11.715,175.391,1987,Materials Research Bulletin,COD
YBCO,Cuprate,1530713,- Ba2 Cu3 O7 Y -,P m m m,47,3.8181,3.8825,11.639,172.534,1988,Materials Research Bulletin,COD
YBCO,Cuprate,1531060,- Ba2 Cu3 O6.97 Y -,P m m m,47,3.8163,3.8659,11.6531,171.923,2002,Journal of Bangladesh Academy of Sciences,COD
YBCO,Cuprate,1531408,- Ba2 Cu3 O6.5 Y -,P m m m,47,7.69,3.883,11.737,350.47,2001,Molecular Physics Reports,COD
YBCO,Cuprate,1531411,- Ba2 Cu3 O6.71 Y -,P m m m,47,7.684,3.886,11.777,351.662,2001,Molecular Physics Reports,COD
YBCO,Cuprate,1534724,- Ba4 Cu6.77 O14.26 Y2 -,A m m m,65,3.851,3.869,50.29,749.297,1994,Journal of Solid State Chemistry,COD
YBCO,Cuprate,1534728,- Ba4 Cu6.76 O14.54 Y2 -,A m m m,65,3.8584,3.8776,50.367,753.557,1994,Journal of Solid State Chemistry,COD
YBCO,Cuprate,1534734,- Ba4 Cu6.83 O14.6 Y2 -,A m m m,65,3.8592,3.8799,50.495,756.077,1994,Journal of Solid State Chemistry,COD
YBCO,Cuprate,1534737,- Ba4 Cu6.72 O14.63 Y2 -,A m m m,65,3.8593,3.8796,50.478,755.784,1994,Journal of Solid State Chemistry,COD
YBCO,Cuprate,1534741,- Ba4 Cu6.98 O14.8 Y2 -,A m m m,65,3.8347,3.8836,50.679,754.734,1994,Journal of Solid State Chemistry,COD
YBCO,Cuprate,1534744,- Ba4 Cu6.74 O14.6 Y2 -,A m m m,65,3.8642,3.8717,50.471,755.098,1994,Journal of Solid State Chemistry,COD
YBCO,Cuprate,1534756,- Ba2 Cu4 O8 Y -,A m m m,65,3.8386,3.8689,27.201,403.966,1993,Physica C (Amsterdam),COD
YBCO,Cuprate,1534802,- Ba1.98 Cu2.91 O6.47 Y0.98 -,P m m m,47,3.83,3.888,11.662,173.659,1991,Doklady Akademii Nauk SSSR,COD
YBCO,Cuprate,1534906,- Ba4 Cu6 O13 Y2 -,P m m m,47,7.655,3.873,11.735,347.917,1993,Journal of Solid State Chemistry,COD
YBCO,Cuprate,1535083,- Ba2 Cu2.91 O6.58 Y -,P 4/m m m,123,3.867,3.867,11.734,175.467,1993,Kristallografiya,COD
YBCO,Cuprate,1538012,- Ba Cu O5 Y2 -,P b n m,62,7.1335,12.1763,5.659,491.539,1987,"Acta Chemica Scandinavica, Series A: (28,1974-)",COD
YBCO,Cuprate,1538678,- Ba2 Cu3 O7 Y -,P m m m,47,3.82,3.88,11.662,172.849,1988,"Japanese Journal of Applied Physics, Part 2",COD
YBCO,Cuprate,1539381,- Ba Cu0.75 O2.25 Y0.25 -,P m -3,200,8.067,8.067,8.067,524.972,1988,Materials Chemistry and Physics,COD
YBCO,Cuprate,1539385,- Ba3 Cu1.5 O5.5 Y0.5 -,I m m m,71,4.004,4.111,21.585,355.299,1988,Materials Chemistry and Physics,COD
YBCO,Cuprate,1539699,- Ba2 Cu3 O6.73 Y -,P m m m,47,3.8193,3.8835,11.6832,173.288,1990,Physica C (Amsterdam),COD
YBCO,Cuprate,1539703,- Ba2 Cu3 O6.58 Y -,P m m m,47,3.8252,3.8786,11.6987,173.567,1990,Physica C (Amsterdam),COD
YBCO,Cuprate,1539707,- Ba2 Cu3 O6.45 Y -,P m m m,47,3.8293,3.875,11.7101,173.761,1990,Physica C (Amsterdam),COD
YBCO,Cuprate,1539709,- Ba2 Cu3 O6.35 Y -,P 4/m m m,123,3.858,3.858,11.7913,175.504,1990,Physica C (Amsterdam),COD
YBCO,Cuprate,1539804,- Ba2 Cu2.93 O6.91 Y -,P m m m,47,3.854,3.866,11.654,173.64,1988,Journal de Physique (Paris),COD
YBCO,Cuprate,1539852,- Ba4 Cu3 O8.5 Y -,P m -3,200,8.1218,8.1218,8.1218,535.743,1989,Physica C (Amsterdam),COD
YBCO,Cuprate,1539855,- Ba4 Cu3 O9 Y -,P m -3,200,8.1174,8.1174,8.1174,534.873,1989,Physica C (Amsterdam),COD
YBCO,Cuprate,1539864,- Ba4 Cu6.91 O14.94 Y2 -,A m m m,65,3.83941,3.87541,50.55865,752.277,1994,Physica C (Amsterdam),COD
YBCO,Cuprate,1539866,- Ba4 Cu6.92 O14.33 Y2 -,A m m m,65,3.84847,3.87166,50.7643,756.386,1994,Physica C (Amsterdam),COD
YBCO,Cuprate,1540063,- Ba2 Cu3 O6.69 Y -,P m m m,47,3.857,3.865,11.723,174.758,1987,"Japanese Journal of Applied Physics, Part 2",COD
YBCO,Cuprate,1540083,- Ba2 Cu3 O6.23 Y -,P m m m,47,3.8818,3.8972,11.8942,179.937,1987,Solid State Communications,COD
YBCO,Cuprate,1540084,- Ba2 Cu3 O6 Y -,P 4/m m m,123,3.8908,3.8908,11.9735,181.259,1987,Solid State Communications,COD
YBCO,Cuprate,1540085,- Ba2 Cu3 O5.8 Y -,P 4/m m m,123,3.8801,3.8801,11.9391,179.745,1987,Solid State Communications,COD
YBCO,Cuprate,1540086,- Ba2 Cu3 O5.72 Y -,P 4/m m m,123,3.8728,3.8728,11.9105,178.641,1987,Solid State Communications,COD
YBCO,Cuprate,1540143,- Ba2 Cu3 O6.9 Y -,P m m m,47,3.812,3.877,11.646,172.118,1988,"Japanese Journal of Applied Physics, Part 2",COD
YBCO,Cuprate,1540144,- Ba2 Cu3 O6.4 Y -,P 4/m m m,123,3.852,3.852,11.72,173.9,1988,"Japanese Journal of Applied Physics, Part 2",COD
YBCO,Cuprate,1540179,- Ba2 Cu3 O6.48 Y -,P m m m,47,3.8415,3.8778,11.747,174.99,1990,"Physical Review, Serie 3. B - Condensed Matter (18,1978-)",COD
YBCO,Cuprate,1540194,- Ba2 Cu3 O6.15 Y -,P 4/m m m,123,3.8644,3.8644,11.7881,176.039,1987,"Japanese Journal of Applied Physics, Part 2",COD
YBCO,Cuprate,1540197,- Ba2 Cu3 O6.05 Y -,P 4/m m m,123,3.8588,3.8588,11.771,175.274,1987,"Japanese Journal of Applied Physics, Part 2",COD
YBCO,Cuprate,1540272,- Ba2 Cu3 O6 Y -,P 4/m m m,123,3.87,3.87,11.801,176.742,1988,"Acta Physica Polonica, A",COD
YBCO,Cuprate,1540322,- Ba2 Cu2.84 O6.58 Y -,P m m m,47,3.855,3.857,11.653,173.265,1989,"Nanjing Daxue Xuebaro, Ziran Kexue",COD
YBCO,Cuprate,1540324,- Ba2 Cu3 O6 Y -,P 4/m m m,123,3.86424,3.86424,11.9155,177.926,1992,Physica C (Amsterdam),COD
YBCO,Cuprate,1540327,- Ba2 Cu3 O6 Y -,P 4/m m m,123,3.7764,3.7764,11.3947,162.502,1992,Physica C (Amsterdam),COD
YBCO,Cuprate,1540329,- Ba2 Cu3 O7 Y -,P m m m,47,3.77255,3.85689,11.2792,164.116,1992,Physica C (Amsterdam),COD
YBCO,Cuprate,1540332,- Ba2 Cu4 O8 Y -,A m m m,65,3.8548,3.86878,26.7668,399.183,1992,Physica C (Amsterdam),COD
YBCO,Cuprate,1540335,- Ba2 Cu4 O8 Y -,A m m m,65,3.72273,3.8098,25.9752,368.403,1992,Physica C (Amsterdam),COD
YBCO,Cuprate,1540337,- Ba2 Cu3 O6 Y -,P 4/m m m,123,3.83287,3.83287,12.4775,183.306,1992,Physica C (Amsterdam),COD
YBCO,Cuprate,1540853,- Ba2 Cu3 O6.7 Y -,P m m m,47,3.8336,3.8828,11.7503,174.904,1990,"Physical Review, Serie 3. B - Condensed Matter (18,1978-)",COD
YBCO,Cuprate,1540941,- Ba2 Cu3 O6.5 Y -,P m m m,47,3.83,3.87,11.69,173.27,1988,Solid State Communications,COD
YBCO,Cuprate,1540942,- Ba2 Cu3 O6.67 Y -,P m m m,47,3.806,3.872,11.61,171.095,1988,Solid State Communications,COD
YBCO,Cuprate,1540943,- Ba2 Cu3 O6.14 Y -,P m m m,47,3.816,3.871,11.65,172.091,1988,Solid State Communications,COD
YBCO,Cuprate,1540944,- Ba2 Cu3 O6.47 Y -,P m m m,47,3.81,3.874,11.63,171.658,1988,Solid State Communications,COD
YBCO,Cuprate,1540950,- Ba2 Cu3 O6.958 Y -,P m m m,47,3.8273,3.8924,11.6737,173.908,1990,Solid State Communications,COD
YBCO,Cuprate,1540952,- Ba2 Cu3 O6.967 Y -,P m m m,47,3.8282,3.8874,11.6647,173.591,1990,Solid State Communications,COD
YBCO,Cuprate,1541033,- Ba2 Cu3 O6.7 Y -,P m m m,47,3.893,3.813,11.687,173.482,1988,"Scientia Sinica, Series B",COD
YBCO,Cuprate,1559344,- Ba2 Cu4 O8 Y -,A m m m,65,3.834,3.868,27.15,402.6,1992,Acta Chemica Scandinavica,COD
YBCO,Cuprate,2100804,- Ba2 Cu3 O6 Y -,P 4/m m m,,3.86,3.86,11.813,176.05,1992,Acta Crystallographica Section B,COD
YBCO,Cuprate,2100876,- Ba Cu O5 Y2 -,P n m a,62,12.188,5.662,7.132,492.2,1993,Acta Crystallographica Section B,COD
YBCO,Cuprate,2101545,- Ba Cu O5 Y2 -,P n m a,62,12.1793,5.6591,7.1323,491.59,1996,Acta Crystallographica Section B,COD
YBCO,Cuprate,2107236,- Ba2 Cu3 O6.54 Y -,P m m m,47,3.847,3.875,11.7,174.413,1992,"Acta Crystallographica B (39,1983-)",COD
YBCO,Cuprate,2107237,- Ba2 Cu3 O6.78 Y -,P m m m,47,3.842,3.886,11.69,174.532,1992,"Acta Crystallographica B (39,1983-)",COD
YBCO,Cuprate,4508623,- Ba2 Cu2 O10 Y4 -,P n m a,62,12.175,5.6591,7.1287,491.16,2006,Crystal Growth & Design,COD
YBCO,Cuprate,9007744,- Ba2 Cu2.941 O6.822 Y -,P m m m,47,3.836,3.883,11.686,174.065,1990,"Acta Crystallographica, Section C",COD
La2CuO4,Cuprate,1008541,- Cu La2 O4 -,B m a b,64,5.352,5.4,13.157,380.2,1992,"Physica C (Amsterdam) (152,1988-)",COD
La2CuO4,Cuprate,1008542,- Cu La2 O4.178 -,B m a b,64,5.328,5.427,13.194,381.5,1992,"Physica C (Amsterdam) (152,1988-)",COD
La2CuO4,Cuprate,1008572,- Cu La2 O4 -,C m c a,64,5.35,13.148,5.398,379.7,1990,Materials Research Society Symposia Proceedings,COD
La2CuO4,Cuprate,1008573,- Cu La2 O4.024 -,F m m m,69,5.35,13.148,5.398,379.7,1990,Materials Research Society Symposia Proceedings,COD
La2CuO4,Cuprate,1528703,- Cu La2 O4 -,F m m m,69,5.365,5.409,13.17,382.184,1973,Journal of Solid State Chemistry,COD
La2CuO4,Cuprate,1531436,- Cu La2 O4.02 -,P c c n,56,5.3788,5.385,13.139,380.569,2001,Phase Transition,COD
La2CuO4,Cuprate,1533202,- Cu0.98 La O2.58 -,P -3 1 c,163,6.6941,6.6941,10.4157,404.207,2003,Solid State Sciences,COD
La2CuO4,Cuprate,1533203,- Cu0.93 La O2.57 -,P -3 1 c,163,6.69461,6.69461,10.3997,403.647,2003,Solid State Sciences,COD
La2CuO4,Cuprate,1533204,- Cu0.98 La O2.59 -,P -3 1 c,163,6.68821,6.68821,10.3811,402.155,2003,Solid State Sciences,COD
La2CuO4,Cuprate,1536780,- Cu La2 O4.09 -,F m m m,69,5.34,5.34,13.23,377.261,1993,"Physical Review, Serie 3. B - Condensed Matter (18,1978-)",COD
La2CuO4,Cuprate,1536783,- Cu La2 O4.12 -,F m m m,69,5.33794,5.4106,13.2155,381.683,1993,"Physical Review, Serie 3. B - Condensed Matter (18,1978-)",COD
La2CuO4,Cuprate,1536822,- Cu La2 O4 -,"C m c a (c,a,b)",64,5.624,5.714,12.198,391.989,1993,"Physical Review, Serie 3. B - Condensed Matter (18,1978-)",COD
La2CuO4,Cuprate,1540195,- Cu La2 O3.95 -,C m m m,65,5.353,13.14,5.4012,379.912,1987,"Japanese Journal of Applied Physics, Part 2",COD
La2CuO4,Cuprate,1540781,- Cu La2 O3.97 -,P c c n,56,5.3538,5.4034,13.1449,380.265,1988,"Japanese Journal of Applied Physics, Part 1",COD
La2CuO4,Cuprate,1551940,- Cu La O3 -,R -3 c :H,167,5.49944,5.49944,13.2172,346.184,2014,Physical Review B,COD
La2CuO4,Cuprate,1551985,- Cu La O3 -,P 4/m,83,3.81897,3.81897,3.97258,57.938,1993,Physical Review B,COD
La2CuO4,Cuprate,2001418,- Cu2 La2 O5 -,P b a m,,5.549,10.4774,3.8796,225.556,1993,Acta Crystallographica Section C,COD
La2CuO4,Cuprate,2002183,- Cu La2 O4 -,A b m a,64,5.406,5.37,13.15,381.7,1977,Zeitschrift fuer Anorganische und Allgemeine Chemie,COD
La2CuO4,Cuprate,2005541,- Cu2 La2 O5 -,P b a m,55,5.5464,10.472,3.87959,225.334,1996,Acta Crystallographica Section C,COD
La2CuO4,Cuprate,2005542,- Cu2 La2 O5 -,P b a m,55,5.53528,10.449,3.87265,223.987,1996,Acta Crystallographica Section C,COD
La2CuO4,Cuprate,2020252,- Cu La O2.892 -,R -3 c :H,167,5.50195,5.50195,13.2124,346.374,1991,"Acta Crystallographica C (39,1983-)",COD
La2CuO4,Cuprate,4030534,- Cu La2 O4.09 -,B m a b,64,5.3236,5.4033,13.1835,379.223,1993,European Journal of Solid State and Inorganic Chemistry,COD
La2CuO4,Cuprate,4030535,- Cu La2 O4.09 -,B m a b,64,5.3412,5.4033,13.2191,381.5,1993,European Journal of Solid State and Inorganic Chemistry,COD
La2CuO4,Cuprate,9008169,- Cu La O2 -,R -3 m :H,166,3.83,3.83,17.1,217.232,1969,Zeitschrift fur Kristallographie,COD
BSCCO,Cuprate,1000285,- Bi2 Ca Cu2 O8 Sr2 -,A m a a,66,5.4054,5.4016,30.7152,896.8,1988,Modern Physics Letters B,COD
BSCCO,Cuprate,1532552,- Bi0.45 Ca Cu2.55 O7.07 Sr2 -,P 4/m m m,123,3.796,3.796,12.689,182.844,2002,Zhurnal Strukturnoi Khimii (Issue-No. from 1981),COD
BSCCO,Cuprate,1532664,- Bi2.1 Ca2 Cu3 O10 Sr1.9 -,I 4/m m m,139,3.853,3.853,37.072,550.356,2003,Journal of the Physical Society of Japan,COD
BSCCO,Cuprate,1534544,- Bi1.952 Ca0.23 Cu1.86 O8 Sr1.84 -,B b m b,66,5.407,5.412,30.771,900.442,1993,Zhurnal Neorganicheskoi Khimii,COD
BSCCO,Cuprate,1534548,- Bi3.86 Ca0.87 Cu2.74 O14 Sr3.62 -,P b m m,51,5.411,5.417,27.75,813.391,1994,Zhurnal Strukturnoi Khimii (Issue-No. from 1981),COD
BSCCO,Cuprate,1534621,- Bi0.38 Ca8.2 Cu23.62 O41 Sr5.8 -,C c c 2,37,12.942,11.387,27.46,4046.79,1993,Kristallografiya,COD
BSCCO,Cuprate,1534626,- Bi0.5 Ca Cu1.5 O4 Sr -,P 4/m m m,123,5.465,5.465,3.2143,95.999,1994,Kristallografiya,COD
BSCCO,Cuprate,1536784,- Bi2 Ca Cu2 O9 Sr2 -,B b m b,66,5.3957,5.3971,30.649,892.534,1990,"Physical Review, Serie 3. B - Condensed Matter (18,1978-)",COD
BSCCO,Cuprate,1537159,- Bi2 Ca0.3 Cu4 O10 Sr2.7 -,I 4/m m m,139,3.8504,3.8504,39.303,582.69,1990,"Sverkhprovodimest: Fizika, Khimiya, Tekhnika",COD
BSCCO,Cuprate,1539149,- Bi1.8 Ca1.2 Cu2.2 O8.22 Sr1.8 -,F m m m,69,5.39,5.39,30.725,892.626,1988,"Japanese Journal of Applied Physics, Part 2",COD
BSCCO,Cuprate,1539652,- Bi0.18 Ca1.1 Cu0.82 O2.976 Sr0.9 -,I m m m,71,3.802,12.297,3.296,154.099,1989,"Sverkhprovodimest: Fizika, Khimiya, Tekhnika",COD
BSCCO,Cuprate,1539656,- Bi2.14908 Ca0.2 Cu O4 Sr1.40148 -,"C m c m (c,a,b)",63,5.49,28.02,24.84,3821.13,1989,"Sverkhprovodimest: Fizika, Khimiya, Tekhnika",COD
BSCCO,Cuprate,1540940,- Bi2 Ca Cu2 O9.07 Sr2 -,A m a a,66,5.423,5.376,30.72,895.612,1989,Physica C (Amsterdam),COD
BSCCO,Cuprate,1541124,- Bi2.15 Ca0.75 Cu2 O8 Sr1.92 -,A m a a,66,5.408,5.413,30.871,903.702,1990,"Physical Review, Serie 3. B - Condensed Matter (18,1978-)",COD
BSCCO,Cuprate,2020193,- Bi0.31 Ca5.64 Cu17 O29 Sr4.05 -,F 2 2 2,22,12.811,11.3445,19.5175,2836.56,1988,"Acta Crystallographica C (39,1983-)",COD
BSCCO,Cuprate,2101436,- Bi2 Ca Cu2 O8 Sr2 -,C 1 c 1,,37.754,5.4109,41.07,8155,1996,Acta Crystallographica Section B,COD
BSCCO,Cuprate,2101437,- Bi2 Ca Cu2 O8 Sr2 -,C c c 2,,5.4112,30.873,5.416,904.8,1996,Acta Crystallographica Section B,COD
BSCCO,Cuprate,2106151,- Bi0.84 Ca6.72 Cu8 O16 Sr6.44 -,F 2 2 2,22,11.38,12.996,3.9155,579.081,1997,"Acta Crystallographica B (39,1983-)",COD
BSCCO,Cuprate,2106684,- Bi2.09 Ca Cu2 O8.22 Sr1.9 -,C 1 c 1,9,37.754,5.4109,41.07,8155.35,1996,"Acta Crystallographica B (39,1983-)",COD
BSCCO,Cuprate,2106685,- Bi2.1 Ca1.12 Cu2 O8 Sr1.78 -,C c c 2,37,5.4112,30.873,5.4161,904.814,1996,"Acta Crystallographica B (39,1983-)",COD
BSCCO,Cuprate,2310291,- Bi1.11 Ca0.8 Cu2 O8.144 Sr1.82 -,A m a a,66,5.408,5.413,30.871,903.702,1993,Acta Crystallographica Section A,COD
BSCCO,Cuprate,2310292,- Bi1.05 Ca0.96 Cu2 O8.144 Sr1.75 -,A m a a,66,5.415,5.4149,30.861,904.896,1993,Acta Crystallographica Section A,COD
BSCCO,Cuprate,8103632,- Bi0.28 Ca6.024 Cu16.447 O28.63 Sr3.66 -,F 2 2 2,22,11.319,12.763,19.491,2815.76,2000,"Zeitschrift fuer Kristallographie (149,1979-)",COD
TlBaCaCuO,Cuprate,1001366,- Ba2 Ca1.9 Cu3 O10.94 Tl1.82 -,I 4/m m m,139,3.85,3.85,35.6,527.7,1988,Journal of Solid State Chemistry,COD
TlBaCaCuO,Cuprate,1001367,- Ba2 Ca Cu2 O7 Tl -,P 4/m m m,123,3.833,3.833,12.68,186.3,1988,Journal of Solid State Chemistry,COD
TlBaCaCuO,Cuprate,1001373,- Ba2 Ca2 Cu3 O8.84 Tl0.93 -,P 4/m m m,123,3.844,3.844,15.88,234.6,1988,"Comptes Rendus Hebdomadaires des Seances de l'Academie des Sciences, Serie C, Sciences Chimiques (1966-)",COD
TlBaCaCuO,Cuprate,1001420,- Ba2 Ca1.07 Cu2 O8 Tl1.93 -,I 4/m m m,139,3.86,3.86,29.388,437.9,1988,Modern Physics Letters B,COD
TlBaCaCuO,Cuprate,1001532,- Ba2 Ca Cu2 O8 Tl2 -,I 4/m m m,139,3.8565,3.8565,29.3122,435.9,1992,Journal of Solid State Chemistry,COD
TlBaCaCuO,Cuprate,1001533,- Ba2 Ca Cu2 O8 Tl1.81 -,I 4/m m m,139,3.8489,3.8489,29.3153,434.3,1992,Journal of Solid State Chemistry,COD
TlBaCaCuO,Cuprate,1006076,- Ba2 Ca1.856 Cu3.276 O10 Tl1.864 -,I 4/m m m,139,3.85174,3.85174,35.65889,529,1994,"Physica C (Amsterdam) (152,1988-)",COD
TlBaCaCuO,Cuprate,1530847,- Ba1.9 Ca1.9 Cu3 O9 Tl1.1 -,P 4/m m m,123,3.853,3.853,15.913,236.238,1988,Journal of Solid State Chemistry,COD
TlBaCaCuO,Cuprate,1531515,- Ba4 Ca4 Cu6 O19 Tl3 -,I 4/m m m,139,3.84,3.84,67.4,993.853,2002,Journal of Alloys Compd.,COD
TlBaCaCuO,Cuprate,1531516,- Ba6 Ca6 Cu9 O29 Tl5 -,P 4/m m m,123,3.84,3.84,51.54,759.988,2002,Journal of Alloys Compd.,COD
TlBaCaCuO,Cuprate,1531517,- Ba8 Ca8 Cu12 O39 Tl7 -,I 4/m m m,139,3.84,3.84,138.76,2046.1,2002,Journal of Alloys Compd.,COD
TlBaCaCuO,Cuprate,1531518,- Ba2 Ca1.86 Cu3 O9 Tl1.12 -,P 4/m m m,123,3.8443,3.8443,15.863,234.434,2002,Journal of Alloys Compd.,COD
TlBaCaCuO,Cuprate,1532574,- Ba2 Ca2 Cu3.134 O9.808 Tl1.778 -,I 4/m m m,139,3.8515,3.8515,35.6695,529.123,2003,Journal of the Ceramic Society of Japan,COD
TlBaCaCuO,Cuprate,1535725,- Ba2 Ca0.9 Cu2.14 O8 Tl1.96 -,I 4/m m m,139,3.852,3.852,29.29,434.602,1991,"Sverkhprovodimest: Fizika, Khimiya, Tekhnika",COD
TlBaCaCuO,Cuprate,1539761,- Ba2 Ca Cu2 O7 Tl -,P 4/m m m,123,3.847,3.847,12.73,188.396,1990,Solid State Communications,COD
TlBaCaCuO,Cuprate,1540082,- Ba1.96 Ca0.93 Cu1.96 O8.17 Tl2 -,I 4/m m m,139,3.8558,3.8558,29.2596,435.008,1988,Physica C (Amsterdam),COD
TlBaCaCuO,Cuprate,1540275,- Ba2 Ca Cu2 O8 Tl2 -,I 4/m m m,139,3.847,3.847,29.43,435.547,1988,"Journal of Physics D, Applied Physics",COD
TlBaCaCuO,Cuprate,1540277,- Ba2 Ca2 Cu3 O8.5 Tl -,P 4/m m m,123,3.847,3.847,15.89,235.163,1989,Modern Physics Letters B,COD
TlBaCaCuO,Cuprate,1540938,- Ba2 Ca0.93 Cu2 O7.86 Tl1.81 -,I 4/m m m,139,3.852,3.852,29.21,433.415,1988,Physica C (Amsterdam),COD
TlBaCaCuO,Cuprate,1540970,- Ba1.9 Ca0.94 Cu1.9 O8 Tl2.26 -,I 4/m m m,139,3.85032,3.85032,29.2997,434.367,1988,Physica C (Amsterdam),COD
TlBaCaCuO,Cuprate,1540971,- Ba1.92 Ca1.9 Cu2.91 O10 Tl2.27 -,I 4/m m m,139,3.84775,3.84775,35.5859,526.856,1988,Physica C (Amsterdam),COD
TlBaCaCuO,Cuprate,1541252,- Ba2 Ca1.93 Cu2.862 O9 Tl1.07 -,P 4/m m m,123,3.8532,3.8532,15.9223,236.401,1988,Physica C (Amsterdam),COD
TlBaCaCuO,Cuprate,1541253,- Ba2 Ca0.83 Cu2 O6.75 Tl1.17 -,P 4/m m m,123,3.8566,3.8566,12.754,189.695,1988,Physica C (Amsterdam),COD
TlBaCaCuO,Cuprate,1541254,- Ba2 Ca0.72 Cu2 O8 Tl2.16 -,P 4/m m m,123,3.8618,3.8618,29.217,435.728,1991,Physica C (Amsterdam),COD
TlBaCaCuO,Cuprate,1541255,- Ba2 Ca0.84 Cu2 O8 Tl1.94 -,P 4/m m m,123,3.8588,3.8588,29.437,438.327,1991,Physica C (Amsterdam),COD
HgBaCaCuO,Cuprate,1008674,- Ba2 Ca2 Cu3 Hg0.692 O8.6 -,P 4/m m m,123,3.86521,3.86521,15.6486,233.8,1995,"Physica C (Amsterdam) (152,1988-)",COD
HgBaCaCuO,Cuprate,1008863,- Ba2 Ca2 Cu3 Hg O8.16 -,P 4/m m m,123,3.85159,3.85159,15.7644,233.9,1995,"Physical Review, Serie 3. B - Condensed Matter (18,1978-)",COD
HgBaCaCuO,Cuprate,1008864,- Ba2 Ca2 Cu3 Hg O8.16 -,P 4/m m m,123,3.8089,3.8089,15.4,223.4,1995,"Physical Review, Serie 3. B - Condensed Matter (18,1978-)",COD
HgBaCaCuO,Cuprate,1008865,- Ba2 Ca2 Cu3 Hg O8.16 -,P 4/m m m,123,3.7608,3.7608,15.018,212.4,1995,"Physical Review, Serie 3. B - Condensed Matter (18,1978-)",COD
HgBaCaCuO,Cuprate,1532369,- Ba2 Ca2 Cu3 Hg O8.35 -,P 4/m m m,123,3.8529,3.8529,15.8513,235.31,2002,Journal of Superconductivity,COD
HgBaCaCuO,Cuprate,9009223,- Ba2 Ca Cu2.13 Hg0.87 O6.64 -,P 4/m m m,123,3.8564,3.8564,12.682,188.604,1994,Physica C,COD
HgBaCaCuO,Cuprate,9009224,- Ba2 Ca2 Cu3.18 Hg0.82 O12.13 -,P 4/m m m,123,3.842,3.842,15.832,233.696,1994,Physica C,COD
BaFe2As2,Ferrite,4123005,- As2 Ba Fe2 -,I 4/m m m,139,3.961,3.961,13.02,204.3,2014,Journal of the American Chemical Society,COD
BaFe2As2,Ferrite,4123009,- As2 Ba Fe2 -,F m m m,69,5.6139,5.5746,12.9594,405.568,2014,Journal of the American Chemical Society,COD
LaFeAsO,Ferrite,4107570,- As Fe La O -,P 4/n m m :2,129,4.03533,4.03533,8.7409,142.336,2008,Journal of the American Chemical Society,COD
FeSe,Ferrite,1010298,- Fe Se -,P 4/n m m :1,129,3.765,3.765,5.518,78.2,1933,"Zeitschrift fuer Physikalische Chemie, Abteilung B: Chemie der Elementarprozesse, Aufbau der Materie",COD
FeSe,Ferrite,1011007,- Fe Se2 -,P m n n,58,3.575,4.791,5.715,97.9,1938,Zeitschrift fuer Anorganische und Allgemeine Chemie,COD
FeSe,Ferrite,1011366,- Fe Se -,P 63/m m c,194,3.61,3.61,5.87,66.2,1925,Geologiska Foereningens i Stockholm Foerhandlingar,COD
FeSe,Ferrite,1527086,- Fe3 Se4 -,I 1 2/m 1,12,6.208,3.541,11.281,247.862,1970,"Acta Chemica Scandinavica (1-27,1973-42,1988)",COD
FeSe,Ferrite,1528313,- Fe7 Se8 -,P 31,144,7.17,7.17,17.46,777.344,1964,Journal de Physique (Paris),COD
FeSe,Ferrite,1537570,- Fe3 Se4 -,I 1 2/m 1,12,6.2,3.53,11.26,246.324,1969,Solid State Communications,COD
FeSe,Ferrite,4002151,- Fe0.91 Se -,P 4/n m m :1,129,3.78733,3.78733,5.5144,79.098,2015,Chemistry of Materials,COD
FeSe,Ferrite,4002152,- Fe Se -,P 4/n m m :1,129,3.77354,3.77354,5.52226,78.635,2015,Chemistry of Materials,COD
FeSe,Ferrite,4002153,- Fe0.925 Se -,P 4/n m m :1,129,3.78372,3.78372,5.512,78.913,2015,Chemistry of Materials,COD
FeSe,Ferrite,4002154,- Fe Se -,P 4/n m m :1,129,3.77233,3.77233,5.52249,78.5876,2015,Chemistry of Materials,COD
FeSe,Ferrite,4329645,- Fe Se -,P 4/n m m :1,129,3.779,3.779,5.5111,78.703,2012,Inorganic Chemistry,COD
FeSe,Ferrite,9008895,- Fe Se -,P 63 m c,186,3.637,3.637,5.958,68.252,1963,Crystal Structures,COD
FeSe,Ferrite,9012125,- Fe Se2 -,P n n m,58,4.804,5.784,3.586,99.642,1975,Journal of Solid State Chemistry,COD
FeSe,Ferrite,9012551,- Fe Se2 -,P n n m,58,4.8002,5.7823,3.5834,99.462,1974,Acta Chemica Scandinavica A,COD
FeSe,Ferrite,9015076,- Fe Se -,P 63 m c,186,3.636,3.636,5.946,68.077,1972,"Neues Jahrbuch fur Mineralogie, Monatshefte",COD
FeSe,Ferrite,9017428,- Fe Se2 -,P n n m,58,4.804,5.781,3.5817,99.471,2018,Crystals,COD
FeSe,Ferrite,9017429,- Fe Se2 -,P n n m,58,4.771,5.756,3.5663,97.937,2018,Crystals,COD
FeSe,Ferrite,9017430,- Fe Se2 -,P n n m,58,4.751,5.729,3.5467,96.536,2018,Crystals,COD
FeSe,Ferrite,9017431,- Fe Se2 -,P n n m,58,4.698,5.667,3.5088,93.417,2018,Crystals,COD
FeSe,Ferrite,9017432,- Fe Se2 -,P n n m,58,4.603,5.581,3.4492,88.608,2018,Crystals,COD
FeSe,Ferrite,9017433,- Fe Se2 -,P n n m,58,4.555,5.524,3.409,85.777,2018,Crystals,COD
FeSe,Ferrite,9017434,- Fe Se2 -,P n n m,58,4.488,5.471,3.3734,82.83,2018,Crystals,COD
FeSe,Ferrite,9017435,- Fe Se2 -,P n n m,58,4.404,5.391,3.3185,78.788,2018,Crystals,COD
FeSe,Ferrite,9017436,- Fe Se2 -,P n n m,58,4.7885,5.7782,3.5821,99.113,2018,Crystals,COD
FeSe,Ferrite,9017437,- Fe Se2 -,P n n m,58,4.7893,5.7775,3.5795,99.045,2018,Crystals,COD
FeSe,Ferrite,9017438,- Fe Se2 -,P n n m,58,4.7834,5.7767,3.5789,98.893,2018,Crystals,COD
FeSe,Ferrite,9017439,- Fe Se2 -,P n n m,58,4.751,5.723,3.5501,96.527,2018,Crystals,COD
FeSe,Ferrite,9017440,- Fe Se2 -,P n n m,58,4.7446,5.772,3.5512,97.253,2018,Crystals,COD
FeS,Ferrite,1009043,- Fe S -,P -6 2 c,190,5.968,5.968,11.74,362.1,1954,Journal de Physique et du Radium,COD
FeS,Ferrite,1010760,- Fe S2 -,,,5.41,5.41,5.41,158.3,1940,"University of Toronto Studies, Geological Series",COD
FeS,Ferrite,1011013,- Fe S2 -,P n n m,58,4.436,5.414,3.381,81.2,1937,"Zeitschrift fuer Kristallographie, Kristallgeometrie, Kristallphysik, Kristallchemie (-144,1977)",COD
FeS,Ferrite,1011178,- Fe0.95 S1.05 -,P 63/m m c,194,3.43,3.43,5.68,57.9,1925,Geologiska Foereningens i Stockholm Foerhandlingar,COD
FeS,Ferrite,1011179,- Fe1.05 S0.95 -,P 63/m m c,194,3.43,3.43,5.79,59,1925,Geologiska Foereningens i Stockholm Foerhandlingar,COD
FeS,Ferrite,1011180,- Fe S -,P 63/m m c,194,3.43,3.43,5.79,59,1925,Geologiska Foereningens i Stockholm Foerhandlingar,COD
FeS,Ferrite,1504400,- Fe S -,P 63/m m c,194,3.445,3.445,5.763,59.232,2008,Journal of Physical Chemistry C,COD
FeS,Ferrite,1534893,- Fe S2 -,P c a 21,29,5.417,5.417,5.417,158.956,1989,American Mineralogist,COD
FeS,Ferrite,1539666,- Fe S -,P 63/m m c,194,3.4559,3.4559,5.7789,59.772,1972,"Physica Status Solidi, Sectio A: Applied Research",COD
FeS,Ferrite,1544891,- Fe S2 -,P a -3,205,5.417,5.417,5.417,158.956,1986,Mineralogical Journal,COD
FeS,Ferrite,1544892,- Fe S2 -,P a -3,205,5.3825,5.3825,5.3825,155.94,1986,Mineralogical Journal,COD
FeS,Ferrite,1544893,- Fe S2 -,P a -3,205,5.3702,5.3702,5.3702,154.87,1986,Mineralogical Journal,COD
FeS,Ferrite,1564889,- Fe S2 -,P n n m,58,4.4474,5.4287,3.3852,81.731,2021,Chemical Science,COD
FeS,Ferrite,1564890,- Fe S2 -,P a -3,205,5.41027,5.41027,5.41027,158.364,2021,Chemical Science,COD
FeS,Ferrite,2102944,- Fe0.91 S -,(000 ???,,6.892,11.952,5.744,473.15,2007,Acta Crystallographica Section B,COD
FeS,Ferrite,2104734,- Fe9 S10 -,P 1 21/c 1,14,6.89339,28.67216,6.88524,1178.93,2010,Acta Crystallographica Section B,COD
FeS,Ferrite,2104735,- Fe9 S10 -,P 1 21/c 1,14,6.89268,28.67214,6.8852,1178.93,2010,Acta Crystallographica Section B,COD
FeS,Ferrite,2104738,- Fe9 S10 -,P 1 21/c 1,14,6.89967,28.66865,6.88177,1178.79,2010,Acta Crystallographica Section B,COD
FeS,Ferrite,2104739,- Fe7 S8 -,C 1 2/c 1,15,11.91383,6.87079,12.91089,932.85,2010,Acta Crystallographica Section B,COD
FeS,Ferrite,2104740,- Fe7 S8 -,C 1 2/c 1,15,11.938,6.85191,12.94671,936.51,2010,Acta Crystallographica Section B,COD
FeS,Ferrite,2104749,- Fe9 S10 -,P 1 21/c 1,14,6.88904,28.66859,6.88286,1178.79,2010,Acta Crystallographica Section B,COD
FeS,Ferrite,2104750,- Fe7 S8 -,C 1 2/c 1,15,11.91356,6.87062,12.91102,932.82,2010,Acta Crystallographica Section B,COD
FeS,Ferrite,2104751,- Fe7 S8 -,C 1 2/c 1,15,11.9381,6.85202,12.9461,936.5,2010,Acta Crystallographica Section B,COD
FeS,Ferrite,2106197,- Fe7 S8 -,P 31,144,6.8673,6.8673,17.062,696.839,1971,"Acta Crystallographica B (24,1968-38,1982)",COD
FeS,Ferrite,2106703,- Fe11 S12 -,F 1 d 1,9,6.895,11.9536,34.518,2844.98,1975,"Acta Crystallographica, Section B: Structural Crystallography and Crystal Chemistry",COD
FeS,Ferrite,2106932,- Fe7 S8 -,P 31 2 1,152,6.866,6.866,17.088,697.637,1982,"Acta Crystallographica B (39,1983-)",COD
FeS,Ferrite,4124261,- Fe S -,P 4/n m m :2,129,3.6802,3.6802,5.0307,68.135,2015,Journal of the American Chemical Society,COD
FeS,Ferrite,5000115,- Fe S2 -,P a -3,205,5.4179,5.4179,5.4179,159,1969,"Acta Chemica Scandinavica (1-27,1973-42,1988)",COD
FeS,Ferrite,7228542,- Fe S2 -,P c a 21,29,5.42,5.42,5.42,159.22,2013,RSC Advances,COD
FeS,Ferrite,7700358,- Fe S2 -,P a -3,205,5.4178,5.4178,5.4178,159.026,2019,"Dalton transactions (Cambridge, England : 2003)",COD
FeS,Ferrite,9000005,- Fe S2 -,P m n n,58,3.37,4.44,5.39,80.649,1931,American Mineralogist,COD
FeS,Ferrite,9000077,- Fe3 S4 -,R -3 m :H,166,3.47,3.47,34.5,359.757,1957,American Mineralogist,COD
FeS,Ferrite,9000123,- Fe3 S4 -,F d -3 m :2,227,9.876,9.876,9.876,963.259,1964,American Mineralogist,COD
FeS,Ferrite,9000279,- Fe7 S8 -,F 1 2/d 1,15,11.902,6.859,22.787,1860.18,1972,American Mineralogist,COD
FeS,Ferrite,9000594,- Fe S2 -,P a -3,205,5.4166,5.4166,5.4166,158.921,1977,American Mineralogist,COD
FeS,Ferrite,9000595,- Fe S2 -,P 1,1,5.4166,5.4166,5.4166,158.921,1977,American Mineralogist,COD
FeS,Ferrite,9004034,- Fe S -,P -6 2 c,190,5.965,5.965,11.757,362.283,2006,American Mineralogist,COD
FeS,Ferrite,9004035,- Fe S -,P -6 2 c,190,5.965,5.965,11.759,362.345,2006,American Mineralogist,COD
FeS,Ferrite,9004036,- Fe S -,P -6 2 c,190,5.966,5.966,11.765,362.651,2006,American Mineralogist,COD
FeS,Ferrite,9007650,- Fe S -,P -6 2 c,190,5.963,5.963,11.754,361.948,1982,"Acta Crystallographica, Section B",COD
FeS,Ferrite,9007651,- Fe S -,P -6 2 c,190,5.999,5.999,11.71,364.96,1982,"Acta Crystallographica, Section B",COD
FeS,Ferrite,9007652,- Fe S -,P -6 2 c,190,5.861,5.861,11.577,344.406,1982,"Acta Crystallographica, Section B",COD
FeS,Ferrite,9007653,- Fe S -,P n m a,62,5.825,3.4675,6.0059,121.308,1982,"Acta Crystallographica, Section B",COD
FeS,Ferrite,9007654,- Fe S -,P n m a,62,5.716,3.347,5.797,110.905,1982,"Acta Crystallographica, Section B",COD
FeS,Ferrite,9007655,- Fe S -,P n m a,62,5.65,3.3155,5.7426,107.574,1982,"Acta Crystallographica, Section B",COD
FeS,Ferrite,9008893,- Fe S -,P 63 m c,186,3.43,3.43,5.68,57.872,1963,Crystal Structures,COD
FeS,Ferrite,9010011,- Fe S2 -,P a -3,205,5.38,5.38,5.38,155.721,1925,American Mineralogist,COD
FeS,Ferrite,9011800,- Fe S -,P 4/n m m :1,129,3.6735,3.6735,5.0328,67.916,1995,Mineralogical Magazine,COD
FeS,Ferrite,9011860,- Fe4 S5 -,P 1,1,8.34,8.54,10.74,761.381,1974,Soviet Physics Crystallography,COD
FeS,Ferrite,9013067,- Fe S2 -,P n n m,58,4.4446,5.4246,3.3864,81.647,2007,International Journal of Coal Geology,COD
FeS,Ferrite,9013069,- Fe S2 -,P a -3,205,5.416,5.416,5.416,158.868,2007,International Journal of Coal Geology,COD
FeS,Ferrite,9015842,- Fe S2 -,P a -3,205,5.414,5.414,5.414,158.692,1928,Zeitschrift fur Physikalische Chemie,COD
FeS,Ferrite,9016891,- Fe4.509 S5 -,P 1 21 1,4,6.8673,28.6536,6.8592,1169.17,2012,American Mineralogist,COD
FeS,Ferrite,9016892,- Fe4.51 S5 -,P 1 21 1,4,6.8984,28.695,6.8915,1181.93,2012,American Mineralogist,COD
FeS,Ferrite,9016893,- Fe4.503 S5 -,P 1 21 1,4,6.893,28.643,6.899,1179.05,2012,American Mineralogist,COD
FeS,Ferrite,9017803,- Fe7 S8 -,C 1 2/c 1,15,11.8656,6.8482,12.8958,924.584,2004,Physical Review,COD
FeS,Ferrite,9017804,- Fe7 S8 -,C 1 2/c 1,15,11.9258,6.8822,12.9245,936.49,2004,Physical Review,COD
MgB2,Other,1000026,- B2 Mg -,P 6/m m m,191,3.085,3.085,3.523,29.04,1971,"J. Appl. Chem. USSR, engl. trans.",COD
MgB2,Other,1000056,- B14 Mg1.93 -,I m a m,,5.97,8.125,10.48,508.35,1981,Journal of the Less Common Metals,COD
MgB2,Other,1511435,- B19.046165 Mg0.971 -,R -3 m :H,166,10.983,10.983,24.1561,2523.48,2002,Intermetallics,COD
MgB2,Other,1511477,- B4 Mg -,P n m a,62,5.464,4.428,7.472,180.782,1972,"Comptes Rendus Hebdomadaires des Seances de l'Academie des Sciences, Serie C, Sciences Chimiques (1966-)",COD
MgB2,Other,1526507,- B2 Mg -,P 6/m m m,191,3.0823,3.0823,3.51461,28.917,2001,"Physical Review, Serie 3. B - Condensed Matter (18,1978-)",COD
MgB2,Other,2235288,- B25 Mg2 -,R -3 m :H,166,11.0398,11.0398,24.195,2553.75,2012,Acta Crystallographica Section E,COD
MgB2,Other,4317140,- B44 Mg5 -,P 41 21 2,92,10.3795,10.3795,14.391,1550.4,2010,Inorganic Chemistry,COD
MgB2,Other,4317141,- B7 Mg -,I m m a,74,10.4782,5.9769,8.1245,508.81,2010,Inorganic Chemistry,COD
Nb3Sn,Other,1523423,- Nb3 Sn -,P m -3 n,223,5.289,5.289,5.289,147.952,1964,Transactions of the Metallurgical Society of Aime,COD
Nb3Sn,Other,1523715,- Nb Sn2 -,F d d d :1,70,9.86,5.6477,19.127,1065.11,1963,Philips Research Reports,COD
Nb3Sn,Other,1528219,- Nb Sn2 -,F d d d :1,70,9.874,5.626,19.116,1061.92,1994,Journal of Alloys Compd.,COD
Nb3Sn,Other,1538263,- Nb3 Sn -,P m -3 n,223,5.273,5.273,5.273,146.613,1982,Journal of the Less-Common Metals,COD
Nb3Sn,Other,1538281,- Nb3 Sn -,P m -3 n,223,5.303,5.303,5.303,149.13,1962,"Monatshefte fuer Chemie und verwandte Teile anderer Wissenschaften (109,1978-)",COD
Nb3Sn,Other,1538604,- Nb3 Sn -,P m -3 n,223,4.412,4.412,4.412,85.883,1974,Journal of the Less-Common Metals,COD
Nb3Sn,Other,1538679,- Nb3 Sn -,P m -3 n,223,5.2821,5.2821,5.2821,147.374,1969,Physica Status Solidi,COD
Nb3Sn,Other,2310946,- Nb6 Sn5 -,I m m m,71,5.656,9.199,16.843,876.334,1965,"Acta Crystallographica (1,1948-23,1967)",COD
NbN,Other,1010510,- N Nb2 -,P -6,174,3.058,3.058,4.961,40.2,1940,Zeitschrift für Elektrochemie und angewandte physikalische Chemie,COD
NbN,Other,1011319,- N Nb -,F m -3 m,225,4.41,4.41,4.41,85.8,1925,Zeitschrift fuer Physik,COD
NbN,Other,1536633,- N0.58 Nb -,I 4/m m m,139,4.386,4.386,8.693,167.227,1990,Journal of the Less-Common Metals,COD
NbN,Other,1537803,- N Nb -,F m -3 m,225,4.375,4.375,4.375,83.74,1963,"Monatshefte fuer Chemie und verwandte Teile anderer Wissenschaften (109,1978-)",COD
NbN,Other,1537822,- N Nb -,F m -3 m,225,4.379,4.379,4.379,83.97,1950,Journal of the Electrochemical Society,COD
NbN,Other,1538373,- N0.801 Nb -,I 4/m m m,139,4.377,4.377,8.719,167.04,1981,"Acta Chemica Scandinavica, Series A: (28,1974-)",COD
NbN,Other,1538667,- N Nb -,F m -3 m,225,4.389,4.389,4.389,84.547,1972,Metall (Berlin),COD
NbN,Other,1538886,- N2.62 Nb4 -,I 4/m m m,139,4.4,4.4,8.74,169.206,1984,Physics of Metals and Metallography,COD
NbN,Other,1539168,- N Nb -,P 63/m m c,194,2.967,2.967,5.538,42.22,1971,Journal of the Less-Common Metals,COD
NbN,Other,1539262,- N Nb -,P -6 m 2,187,2.94,2.94,2.79,20.885,1954,Acta Metallurgica,COD
NbN,Other,1539323,- N5 Nb4 -,I 4/m,87,6.873,6.873,4.298,203.029,1971,Journal of the Less-Common Metals,COD
NbN,Other,1539325,- N6 Nb5 -,P 63/m c m,193,5.193,5.193,10.38,242.418,1971,Journal of the Less-Common Metals,COD
NbN,Other,1539407,- N Nb -,F m -3 m,225,4.382,4.382,4.382,84.143,1967,Journal of Applied Physics,COD
NbN,Other,1540242,- N0.77 Nb -,I -4 m 2,119,4.386,4.386,8.661,166.612,1988,Journal of the Less-Common Metals,COD
NbN,Other,9008683,- N Nb -,F m -3 m,225,4.702,4.702,4.702,103.956,1963,Crystal Structures,COD
NbN,Other,9008874,- N Nb -,P 63 m c,186,3.017,3.017,5.58,43.986,1963,Crystal Structures,COD
NbTi,Other,1522498,- Nb0.026 Ti0.974 -,P 63/m m c,194,2.942,2.942,4.68,35.08,1953,"Transactions of the American Institute of Mining, Metallurgical and Petroleum Engineers",COD
NbTi,Other,1522550,- Nb0.3 Ti0.7 -,C m c m,63,3.1,4.88,4.7,71.102,1973,Memoires Scientifiques de la Revue de Metallurgie,COD
NbTi,Other,1523205,- Nb Ti -,I m -3 m,229,3.286,3.286,3.286,35.482,1983,Zeitschrift fuer Metallkunde,COD
NbTi,Other,1523304,- Nb0.2 Ti0.8 -,C m c m,63,3.166,4.854,4.652,71.491,1964,Nature (London),COD
NbTi,Other,1538066,- Nb Ti -,I m -3 m,229,3.278,3.278,3.278,35.223,1951,"Transactions of the American Institute of Mining, Metallurgical and Petroleum Engineers",COD
V3Si,Other,1008917,- Si5 V6 -,I b a m,72,15.966,7.501,4.858,581.8,1970,"Bulletin de la Societe Francaise de Mineralogie et de Cristallographie (72,1949-100,1977)",COD
V3Si,Other,1011299,- Si V3 -,P m -3 n,223,4.712,4.712,4.712,104.6,1939,Zeitschrift fuer Metallkunde,COD
V3Si,Other,1532198,- Si2 V -,P 64 2 2,181,4.5726,4.5726,6.3744,115.424,2001,Materials Research Society Symposia Proceedings,COD
V3Si,Other,1539602,- Si3 V5 -,I 4/m c m,140,9.429,9.429,4.756,422.837,1955,"Acta Chemica Scandinavica (1-27,1973-42,1988)",COD
V3Si,Other,1540892,- Si3 V5 -,P 63/m c m,193,7.135,7.135,4.842,213.473,1954,"Monatshefte fuer Chemie und verwandte Teile anderer Wissenschaften (109,1978-)",COD
V3Si,Other,1541093,- Si V3 -,P m -3 n,223,4.7249,4.7249,4.7249,105.482,1977,"Physica Status Solidi, Sectio A: Applied Research",COD
V3Si,Other,1541176,- Si V3 -,P m -3 n,223,4.706,4.706,4.706,104.221,1972,Metall (Berlin),COD
V3Si,Other,1541329,- Si V3 -,P m -3 n,223,4.721,4.721,4.721,105.221,1954,"Monatshefte fuer Chemie und verwandte Teile anderer Wissenschaften (109,1978-)",COD
V3Si,Other,2300555,- Si V3 -,P m -3 n,223,4.732,4.732,4.732,105.958,1979,Journal of Applied Crystallography,COD
V3Si,Other,4031774,- Si V3 -,P m -3 n,223,4.738,4.738,4.738,106.362,1962,Russian Journal of Inorganic Chemistry (= Zhurnal Neorganicheskoi Khimii),COD
Nb3Ge,Other,1528587,- Ge7 Nb10 -,P 63/m c m,193,7.783,7.783,5.39,282.757,1971,"Bulletin de l'Academie Polonaise des Sciences, Serie des Sciences Chimiques",COD
Nb3Ge,Other,1528974,- Ge4 Nb5 -,P n m a,62,6.754,13.197,6.829,608.686,2007,Solid State Sciences,COD
Nb3Ge,Other,4124629,- Ge2 Nb -,P 62 2 2,180,4.966,4.966,6.781,144.823,1956,Journal of the American Chemical Society,COD
Nb3Ge,Other,4124630,- Ge Nb3 -,P m -3 n,223,5.168,5.168,5.168,138.028,1956,Journal of the American Chemical Society,COD
PbMo6S8,Chevrel,1524854,- Mo6 Pb0.92 S20 -,R -3 :R,148,6.548,6.548,6.548,280.703,1973,Materials Research Bulletin,COD
PbMo6S8,Chevrel,1527760,- Mo6 Pb0.92 S7.5 -,R -3 :R,148,6.551,6.551,6.551,281.083,1973,Materials Research Bulletin,COD
PbMo6S8,Chevrel,1537987,- Mo6 Pb S8 -,R -3 :H,148,9.198,9.198,11.442,838.338,1982,"Inorganic Materials (USSR) (see: Izv.Akad.Nauk, Neorg.Mater.)",COD
SnMo6S8,Chevrel,1529546,- Mo6 S8 Sn -,R -3 :R,148,6.515,6.515,6.515,276.511,1978,Doklady Akademii Nauk SSSR,COD
SnMo6S8,Chevrel,1529760,- Mo6 S8 Sn -,R -3 :R,148,6.527,6.527,6.527,278.05,1980,Journal of the Less-Common Metals,COD
SnMo6S8,Chevrel,2000736,- Mo6 S8 Sn0.854 -,R -3 :R,148,6.51,6.51,6.51,275.86,1992,"Acta Crystallographica, Section C: Crystal Structure Communications",COD
CuMo6S8,Chevrel,1008606,- Cu1.8 Mo6 S8 -,P -1,2,6.479,6.569,6.559,275,1979,Journal of Low Temperature Physics,COD
CuMo6S8,Chevrel,1540954,- Cu2.601 Mo9 S12 -,R 3 :H,146,5.18,5.18,10.33,240.044,1987,"Soviet Physics, Crystallography (= Kristallografiya)",COD
CuMo6S8,Chevrel,2106464,- Cu1.38 Mo3 S4 -,R -3 :H,148,9.713,9.713,10.213,834.432,1977,"Acta Crystallographica B (24,1968-38,1982)",COD
CuMo6S8,Chevrel,2106465,- Cu1.47 Mo3 S4 -,R -3 :H,148,9.735,9.735,10.221,838.872,1977,"Acta Crystallographica B (24,1968-38,1982)",COD
CuMo6S8,Chevrel,2106466,- Cu1.83 Mo3 S4 -,R -3 :H,148,9.773,9.773,10.255,848.247,1977,"Acta Crystallographica B (24,1968-38,1982)",COD
CuMo6S8,Chevrel,4001418,- Cu2.97 Mo18 S24 -,R -3,148,9.405,9.405,10.41,797.4,2007,Chemistry of Materials,COD
CuMo6S8,Chevrel,4001419,- Cu4.23 Mo18 S24 -,R -3,148,9.52,9.52,10.314,809.5,2007,Chemistry of Materials,COD
CeCu2Si2,Heavy_fermion,1529993,- Ce Cu0.5 Si1.5 -,P 6/m m m,191,4.077,4.077,4.314,62.1,1965,Dopovidi Akademii Nauk Ukrains'koi RSR,COD
CeCu2Si2,Heavy_fermion,4500157,- Ce Cu2 Si2 -,I 4/m m m,139,4.092,4.092,9.91,165.94,2011,Crystal Growth & Design,COD
CeCu2Si2,Heavy_fermion,7221501,- Ce Cu Si -,P 63/m m c,194,4.2194,4.2194,7.9548,122.648,2007,"Zeitschrift fuer Naturforschung, Teil B. Anorganische Chemie, Organische Chemie (42,1987-)",COD
UPt3,Heavy_fermion,1522357,- Pt U -,C m c m,63,3.703,10.792,4.391,175.477,1986,Journal of the Less-Common Metals,COD
UPt3,Heavy_fermion,1522665,- Pt0.924 U0.076 -,F m -3 m,225,3.956,3.956,3.956,61.911,1960,"Journal of Research of the National Bureau of Standards, Section A. Physics and Chemistry",COD
UPt3,Heavy_fermion,1538051,- Pt U -,P 1 21 1,4,5.7,10.76,5.73,346.304,1989,Physik (Berlin),COD
UPt3,Heavy_fermion,2310209,- Pt3 U -,P 63/m m c,194,5.764,5.764,4.899,140.957,1955,"Acta Crystallographica (1,1948-23,1967)",COD
UPt3,Heavy_fermion,2310212,- Pt2 U -,A m a 2,40,5.6,9.68,4.12,223.337,1959,"Acta Crystallographica (1,1948-23,1967)",COD
CeCoIn,Heavy_fermion,1524640,- Ce Co In5 -,P 4/m m m,123,4.601,4.601,7.54,159.616,1989,"Izvestiya Akademii Nauk SSSR, Metally",COD
CeCoIn,Heavy_fermion,1524641,- Ce2 Co In8 -,P 4/m m m,123,4.64,4.64,12.251,263.759,1989,"Izvestiya Akademii Nauk SSSR, Metally",COD
UBe13,Heavy_fermion,2311001,- Be13 U -,F m -3 c,226,10.256,10.256,10.256,1078.78,1949,"Acta Crystallographica (1,1948-23,1967)",COD
UBe13,Heavy_fermion,9007808,- Be13 U -,F m -3 c,226,10.268,10.268,10.268,1082.57,1990,"Acta Crystallographica, Section C",COD
CeRhIn5,Heavy_fermion,2100453,- Ce1.86 In8 Rh -,P 4/m m m,123,4.66516,4.66516,12.23763,266.336,2006,Acta Crystallographica Section B,COD
CeRhIn5,Heavy_fermion,2106568,- Ce1.8 In8 Rh0.98 -,P 4/m m m,123,4.66325,4.66325,12.23875,266.143,2006,"Acta Crystallographica B (39,1983-)",COD
CeRhIn5,Heavy_fermion,4000239,- Ce2 In8 Rh -,P 4/m m m,123,4.667,4.667,12.247,266.75,2003,Chemistry of Materials,COD
BaKBiO,Oxide,1004099,- Ba0.87 Bi K0.13 O3 -,P m -3 m,221,4.3223,4.3223,4.3223,80.8,1988,Applied Physics Letters,COD
BaKBiO,Oxide,1525709,- Ba0.63 Bi K0.37 O3 -,P m -3 m,221,4.304,4.304,4.304,79.729,2000,"Physical Review, Serie 3. B - Condensed Matter (18,1978-)",COD
BaKBiO,Oxide,1525710,- Ba0.63 Bi K0.37 O3 -,I 4/m c m,140,6.047,6.047,8.552,312.714,2000,"Physical Review, Serie 3. B - Condensed Matter (18,1978-)",COD
BaKBiO,Oxide,1526628,- Ba0.6 Bi K0.4 O3 -,P m -3 m,221,4.27841,4.27841,4.27841,78.315,2001,Journal of the Korean Physical Society,COD
BaKBiO,Oxide,1539227,- Ba0.96 Bi K0.04 O3 -,I m m m,71,6.1298,6.1374,8.6628,325.903,1988,Nature (London),COD
BaKBiO,Oxide,1540844,- Ba0.7 Bi K0.3 O2.91 -,P m -3 m,221,4.294,4.294,4.294,79.175,1988,Physica C (Amsterdam),COD
BaKBiO,Oxide,1541111,- Ba0.6 Bi K0.4 O3 -,P m -3 m,221,4.283,4.283,4.283,78.568,1990,"Physical Review, Serie 3. B - Condensed Matter (18,1978-)",COD
BaKBiO,Oxide,1541113,- Ba0.9 Bi K0.1 O3 -,I 1 2/m 1,12,6.1551,6.1088,8.6256,324.325,1990,"Physical Review, Serie 3. B - Condensed Matter (18,1978-)",COD
BaKBiO,Oxide,1541115,- Ba0.93 Bi K0.07 O3 -,R -3 m :R,166,6.1423,6.1423,6.1423,164.393,1990,"Physical Review, Serie 3. B - Condensed Matter (18,1978-)",COD
BaKBiO,Oxide,2011038,- Ba4 Bi3 K O -,I 4/m c m,140,8.96,8.96,16.617,1334,2000,Acta Crystallographica Section C,COD
BaKBiO,Oxide,2101573,- Ba0.6 Bi K0.4 O2.3 -,P b a 2,,6.127,12.016,4.378,322.317,1996,Acta Crystallographica Section B,COD
BaKBiO,Oxide,8101319,- Ba4 Bi3 K O -,I 4/m c m,140,8.9675,8.9675,16.664,1340.1,2000,Zeitschrift für Kristallographie - New Crystal Structures,COD
SrTiO3,Oxide,1512124,- O3 Sr Ti -,P m -3 m,221,3.899,3.899,3.899,59.273,2011,Journal of Modern Physics,COD
SrTiO3,Oxide,1517788,- O4 Sr2 Ti -,I 4/m m m,139,3.884,3.884,12.6,190.077,2007,Journal of the European Ceramic Society,COD
SrTiO3,Oxide,1530317,- O7 Sr3 Ti2 -,I 4/m m m,139,3.899,3.899,20.39999,310.125,1959,Roczniki Chemii,COD
SrTiO3,Oxide,1574067,- O3 Sr Ti -,P m -3 m,221,3.9059,3.9059,3.9059,59.589,2025,Computational Condensed Matter,COD
SrTiO3,Oxide,2002232,- O13 Sr2 Ti6 -,C 1 2/m 1,12,15.25,3.769,9.164,520,1980,"Zeitschrift fuer Naturforschung, Teil B. Anorganische Chemie, Organische Chemie (33,1978-41,1986)",COD
SrTiO3,Oxide,2310687,- O3 Sr Ti -,I 4/m c m,140,5.511,5.511,7.796,236.773,1995,Acta Crystallographica Section A,COD
SrTiO3,Oxide,4124497,- O5 Sr Ti2 -,P 1,1,15.62,7.81,12.932,1577.6,2003,Journal of the American Chemical Society,COD
SrTiO3,Oxide,7212245,- O3 Sr Ti -,P m -3 m,221,3.905,3.905,3.905,59.547,2010,Physical chemistry chemical physics : PCCP,COD
SrTiO3,Oxide,9002806,- O3 Sr Ti -,P b n m,62,5.5202,5.5202,7.8067,237.891,2002,American Mineralogist,COD
SrTiO3,Oxide,9006864,- O3 Sr Ti -,P m -3 m,221,3.90528,3.90528,3.90528,59.56,2000,Physics and Chemistry of Minerals,COD
LiTiO,Oxide,1001098,- Li1.333 O4 Ti1.667 -,F d -3 m :1,227,8.357,8.357,8.357,583.6,1971,Materials Research Bulletin,COD
LiTiO,Oxide,1001099,- Li1.2 O4 Ti1.8 -,F d -3 m :1,227,8.359,8.359,8.359,584.1,1971,Materials Research Bulletin,COD
LiTiO,Oxide,1001100,- Li O4 Ti2 -,F d -3 m :1,227,8.391,8.391,8.391,590.8,1971,Materials Research Bulletin,COD
LiTiO,Oxide,1001101,- Li1.1 O4 Ti1.9 -,F d -3 m :1,227,8.378,8.378,8.378,588.1,1971,Materials Research Bulletin,COD
LiTiO,Oxide,1007078,- Li4 O16 Ti7 -,F d -3 m :1,227,8.359,8.359,8.359,584.1,1953,Comptes Rendus Hebdomadaires des Seances de l'Academie des Sciences (1884 - 1965),COD
LiTiO,Oxide,1008595,- Li0.93 O4 Ti2 -,F d -3 m :2,227,8.398,8.398,8.398,592.3,1993,Journal of Alloys Compd.,COD
LiTiO,Oxide,1008596,- Li0.89 O4 Ti2 -,F d -3 m :2,227,8.387,8.387,8.387,590,1993,Journal of Alloys Compd.,COD
LiTiO,Oxide,1008597,- Li0.86 O4 Ti2 -,F d -3 m :2,227,8.386,8.386,8.386,589.7,1993,Journal of Alloys Compd.,COD
LiTiO,Oxide,1008791,- Li1.03 O4 Ti2 -,F d -3 m :2,227,8.421,8.421,8.421,597.2,1994,"Physica C (Amsterdam) (152,1988-)",COD
LiTiO,Oxide,1008792,- Li0.89 O4 Ti2 -,F d -3 m :2,227,8.416,8.416,8.416,596.1,1994,"Physica C (Amsterdam) (152,1988-)",COD
LiTiO,Oxide,1008793,- Li0.75 O4 Ti2 -,F d -3 m :2,227,8.403,8.403,8.403,593.3,1994,"Physica C (Amsterdam) (152,1988-)",COD
LiTiO,Oxide,1010897,- Li2.666 O3.999 Ti1.333 -,F m -3 m,225,4.1,4.1,4.1,68.9,1933,Fortschritte der Mineralogie,COD
LiTiO,Oxide,1515995,- Li2 O3 Ti -,C 1 2/c 1,15,5.041,8.806,9.727,425.2,1969,Materials Research Bulletin,COD
LiTiO,Oxide,1541630,- Li O2 Ti -,F m -3 m,225,4.14,4.14,4.14,70.958,1962,Annales de Chimie (Paris),COD
LiTiO,Oxide,1544350,- Li0.14 O2 Ti -,P b n m,62,4.9732,9.5425,2.9586,140.41,1994,Journal of Solid State Chemistry,COD
LiTiO,Oxide,1544351,- Li0.16 O2 Ti -,P b n m,62,4.979,9.5613,2.9551,140.68,1994,Journal of Solid State Chemistry,COD
LiTiO,Oxide,1544352,- Li0.41 O2 Ti -,P b n m,62,5.0311,9.6113,2.9488,142.59,1994,Journal of Solid State Chemistry,COD
LiTiO,Oxide,1544353,- Li0.45 O2 Ti -,P b n m,62,5.0356,9.6377,2.9484,143.09,1994,Journal of Solid State Chemistry,COD
LiTiO,Oxide,4000741,- Li0.056 O0.165 Ti0.069 -,F d -3 m :2,227,8.48212,8.48212,8.48212,610.258,2011,Chemistry of Materials,COD
LiTiO,Oxide,4000749,- Li2 O13 Ti6 -,C 1 2/m 1,12,15.3065,3.74739,9.1404,517.28,2011,Chemistry of Materials,COD
LiTiO,Oxide,4124518,- Li0.026 O2 Ti -,I 41/a m d :2,141,3.7919,3.7919,9.4973,136.557,2003,Journal of the American Chemical Society,COD
LiTiO,Oxide,4124519,- Li0.51 O2 Ti -,I m m a,74,3.8186,4.0842,9.0656,141.386,2003,Journal of the American Chemical Society,COD
LiTiO,Oxide,4124520,- Li0.59 O2 Ti -,I m m a,74,3.8141,4.0771,9.042,140.607,2003,Journal of the American Chemical Society,COD
KC,Carbon,1521141,- C2 K2 -,I 41/a c d :2,142,7.569,7.569,14.521,831.905,1999,Zeitschrift fuer Anorganische und Allgemeine Chemie,COD
KC,Carbon,1521143,- C2 K2 -,F m -3 m,225,7.553,7.553,7.553,430.882,1999,Zeitschrift fuer Anorganische und Allgemeine Chemie,COD
KC,Carbon,1537184,- C K -,C 1 c 1,9,7.96,4.59,9.18,273.736,1983,"Physical Review, Serie 3. B - Condensed Matter (18,1978-)",COD
KC,Carbon,1537188,- C K -,C 1 c 1,9,7.47,4.53,8.97,256.568,1983,"Physical Review, Serie 3. B - Condensed Matter (18,1978-)",COD
KC,Carbon,1537192,- C K -,C 1 c 1,9,8.02,4.21,10.4,267.412,1983,"Physical Review, Serie 3. B - Condensed Matter (18,1978-)",COD
KC,Carbon,1537196,- C0.95 K -,C 1 c 1,9,7.59,4.6,9.18,270.915,1983,"Physical Review, Serie 3. B - Condensed Matter (18,1978-)",COD
KC,Carbon,1537199,- C0.95 K -,C 1 c 1,9,8.04,4.34,10.34,275.984,1983,"Physical Review, Serie 3. B - Condensed Matter (18,1978-)",COD
KC,Carbon,1537204,- C0.9 K -,C 1 c 1,9,7.6,4.6,9.2,271.563,1983,"Physical Review, Serie 3. B - Condensed Matter (18,1978-)",COD
KC,Carbon,1537206,- C0.9 K -,C 1 c 1,9,7.48,4.24,10.29,250.364,1983,"Physical Review, Serie 3. B - Condensed Matter (18,1978-)",COD
KC,Carbon,1537209,- C0.9 K -,C 1 c 1,9,7.45,4.22,10.39,250.595,1983,"Physical Review, Serie 3. B - Condensed Matter (18,1978-)",COD
KC,Carbon,1537213,- C0.8 K -,C 1 c 1,9,7.65,4.6,9.19,272.141,1983,"Physical Review, Serie 3. B - Condensed Matter (18,1978-)",COD
KC,Carbon,1540765,- C60 K6 -,I m -3,204,11.39,11.39,11.39,1477.65,1992,Journal of Physics and Chemistry of Solids,COD
KC,Carbon,1540767,- C60 K4 -,I 4/m m m,139,11.84,11.84,10.75,1506.99,1992,Journal of Physics and Chemistry of Solids,COD
KC,Carbon,1541008,- C60 K3 -,F m -3 m,225,14.24,14.24,14.24,2887.55,1991,Nature (London),COD
RbC,Carbon,1521485,- C60 Rb -,P a -3,205,14.0163,14.0163,14.0163,2753.6,1999,Journal of Physics: Condensed Matter,COD
RbC,Carbon,1530240,- C8 Rb -,F d d d :1,70,4.926,8.532,22.471,944.425,1978,"Comptes Rendus Hebdomadaires des Seances de l'Academie des Sciences, Serie C, Sciences Chimiques (1966-)",COD
RbC,Carbon,1540766,- C60 Rb6 -,I m -3,204,11.54,11.54,11.54,1536.8,1992,Journal of Physics and Chemistry of Solids,COD
RbC,Carbon,4315150,- C120 Rb8 -,I 4/m m m,139,11.9783,11.9783,11.035,1583.3,2010,Inorganic Chemistry,COD
